97dbc840-8900-1b06-0942-d5f170c02045,Ed Sheeran,England,Pop,72787358,1432488
3679217f-6952-6c0d-0ab9-e02de37e31c3,Coldplay,England,Rock,341432364,5150670
e243ac99-a6b5-11e0-b446-00251188dd67,Radiohead,England,Rock,466826067,4529636
c585e5eb-cdc4-e067-9340-7e0427e5b34e,Kendrick Lamar,United States of America,Rap/Hip Hop,77848372,1242398
65951b5d-f6f6-898a-0e85-9f2dc8f7e888,Eminem,United States of America,Rap/Hip Hop,177817898,4260089
93c55287-76cc-fdef-a6cc-2a9b0fc36cb2,Imagine Dragons,United States of America,Alternative/Indie,64540636,1457767
ea2c530f-a6b5-11e0-b446-00251188dd67,The Beatles,England,Pop,482191497,3461972
e2283cce-a6b5-11e0-b446-00251188dd67,Queen,England,Rock,167065434,3757743
ef82ddea-a6b5-11e0-b446-00251188dd67,Taylor Swift,United States of America,Country,136337016,2013674
e22e4d96-a6b5-11e0-b446-00251188dd67,Maroon 5,United States of America,Pop,108455919,3298766
a7afde36-1ee9-4c0e-9b32-e546706d6a09,Kanye West,United States of America,Rap/Hip Hop,199647488,4138368
1a9d214c-535d-4bc9-a03d-e06226389171,David Bowie,England,Rock,174612699,3168856
37b8c70b-ddb2-b29f-0bb8-df3436b5b97b,Arctic Monkeys,England,Alternative/Indie,301397750,3295210
e3109b71-a6b5-11e0-b446-00251188dd67,Red Hot Chili Peppers,United States of America,Alternative/Indie,276136789,4413414
77cbe06d-16ec-b761-5743-a0515b588c79,Lorde,New Zealand,Alternative/Indie,55615349,1091637
e5cae432-a6b5-11e0-b446-00251188dd67,Rihanna,Barbados,Pop,181287160,4319271
95ca4a1f-f7df-288a-2809-52a618eed77f,Sia,Australia,Pop,23500459,618347
e6207e83-a6b5-11e0-b446-00251188dd67,Linkin Park,United States of America,Alternative/Indie,274232162,3793870
6252fc9d-7231-b75d-0c29-79ad325cbb0a,Lana Del Rey,United States of America,Alternative/Indie,188021122,1707646
e2527ebf-a6b5-11e0-b446-00251188dd67,Gorillaz,England,Pop,154031066,3389285
3ad6651d-c36f-bd39-21f0-d0a07c3e9944,The Killers,United States of America,Alternative/Indie,195974383,4228339
3debe30d-e3ed-f3a7-1a35-5ec752e1bd10,The Weeknd,Canada,Soul/R&B,59760106,1068487
e2661344-a6b5-11e0-b446-00251188dd67,Pink Floyd,England,Rock,290801659,2903560
ef7ceefc-a6b5-11e0-b446-00251188dd67,Sam Smith,United Kingdom,Pop,21818266,788995
5a963b4a-66e4-763e-d88c-a4e972813099,Calvin Harris,Scotland,Electronica/Dance,63806340,1989364
f060a78f-a6b5-11e0-b446-00251188dd67,Drake,Canada,Rap/Hip Hop,112830793,3112341
e223e8ce-a6b5-11e0-b446-00251188dd67,Nirvana,United States of America,Alternative/Indie,208330506,4072693
e88b6841-a6b5-11e0-b446-00251188dd67,The Rolling Stones,England,Rock,143366027,3619344
ef7959a1-a6b5-11e0-b446-00251188dd67,Tame Impala,Australia,Alternative/Indie,59657390,970342
e7a06e67-a6b5-11e0-b446-00251188dd67,Metallica,United States of America,Rock,260266447,2745037
edc53fa6-a6b5-11e0-b446-00251188dd67,Led Zeppelin,England,Rock,175443811,2758041
066e60aa-2022-17f3-c6da-1e39ca8891e7,Selena Gomez,United States of America,Pop,29692690,827917
f075f9b9-a6b5-11e0-b446-00251188dd67,The xx,England,Alternative/Indie,132935131,1803006
e576d2c3-a6b5-11e0-b446-00251188dd67,Foo Fighters,United States of America,Rock,183328233,3847625
e2969105-a6b5-11e0-b446-00251188dd67,Green Day,United States of America,Alternative/Indie,177415556,3555429
cdacb6b8-b029-e756-992b-1bde0f1e631d,U2,Ireland,Rock,134499167,3338594
71f693bb-31ae-bbc2-3ac8-7bba698d1671,Katy Perry,United States of America,Pop,131238051,3548397
9f78cb80-1b80-ab7f-dd2e-7e8098a6b246,Daft Punk,France,Electronica/Dance,197745151,3607291
e4a15691-a6b5-11e0-b446-00251188dd67,Fleetwood Mac,England,Rock,57813244,1975272
1b9a5c6d-e93d-4543-a8b7-cb24709d728e,Lady Gaga,United States of America,Pop,255637112,3592256
62e4e2d5-b34e-4712-01f0-ec879c6251ab,Michael Jackson,United States of America,Pop,11768474,536907
3749d5f5-0c8c-2695-9389-2679975311f2,Ariana Grande,United States of America,Pop,44154977,821512
f067d8e7-a6b5-11e0-b446-00251188dd67,Major Lazer,United States of America,Electronica/Dance,28319450,1096313
e2822890-a6b5-11e0-b446-00251188dd67,Muse,England,Alternative/Indie,324842908,3919541
63c44b40-97ba-ce4c-487e-998be7a5f918,Portugal. The Man,United States of America,Alternative/Indie,31155832,772405
b9fae655-9741-b873-9cd0-834c2a9c3e34,Mariah Carey,United States of America,Pop,61697798,2279660
f76a1bfe-b93c-49d5-8fc2-a6cbaece3b7a,Kygo,Norway,Electronica/Dance,11487122,567792
6848686a-f542-c186-2692-8e63d4276a04,Sufjan Stevens,United States of America,Alternative/Indie,112493226,1817668
e5792671-a6b5-11e0-b446-00251188dd67,Oasis,England,Alternative/Indie,141315396,3418766
f13b441f-a6b5-11e0-b446-00251188dd67,Avicii,Sweden,Electronica/Dance,37610202,1403464
d31256f4-3324-dfef-042a-47f319f54364,Queens of the Stone Age,United States of America,Rock,130864186,2350388
ee2564c7-a6b5-11e0-b446-00251188dd67,Adele,England,Pop,120124807,2694629
65ab71f5-7589-78b4-7d16-8747cafd8754,The Cure,England,Alternative/Indie,144743232,2781697
e9fb3604-a6b5-11e0-b446-00251188dd67,Arcade Fire,Canada,Alternative/Indie,171470361,2441671
e6896af0-a6b5-11e0-b446-00251188dd67,The National,United States of America,Alternative/Indie,133003806,1618737
cef21c3b-f0ba-4f40-89ec-f6238c874c0b,P!nk,N\A,Rap/Hip Hop,62460008,2344427
e6afb550-a6b5-11e0-b446-00251188dd67,David Guetta,France,Electronica/Dance,81096873,2590285
680687b6-94f6-c447-fe5b-4533fb937de6,Justin Bieber,Canada,Pop,48062594,1475808
88393833-745d-baef-a84c-edc4295e41e3,Miley Cyrus,United States of America,Pop,56365377,1849726
a0eee16a-ff9c-f9ae-0c38-d107026a1723,alt-J,England,Alternative/Indie,59984116,976857
996aa123-ec01-b2bb-d4e5-02f90f3ee150,Clean Bandit,England,Electronica/Dance,11477516,674121
e58df596-a6b5-11e0-b446-00251188dd67,Fall Out Boy,United States of America,Alternative/Indie,135131194,2560176
a3850e83-2c87-41db-b778-a8946aaa4b84,Frank Sinatra,United States of America,Pop,60120657,2201278
ea02818d-a6b5-11e0-b446-00251188dd67,System of a Down,United States of America,Rock,214767391,3349515
76d1a93c-ed13-0e03-05a1-2af5a2df9ea2,Frank Ocean,United States of America,Alternative/Indie,57263209,1053901
e22e4b1e-a6b5-11e0-b446-00251188dd67,Britney Spears,United States of America,Pop,186861607,3068975
18e61500-f9b1-4663-a6dd-508019297c08,The Smiths,England,Rock,146617432,2166100
d744284a-5c9e-48b8-84f1-6993a5df6728,AC/DC,Australia,Rock,127743405,2533969
3051dd31-c632-c9ed-1e8c-6e3b8909cd05,The Chainsmokers,United States of America,Electronica/Dance,13682049,622060
f27b1534-3cef-9a5a-df47-e4fd683f045d,Bob Dylan,United States of America,Rock,14543231,446913
e2969b00-a6b5-11e0-b446-00251188dd67,The Strokes,United States of America,Alternative/Indie,158215352,3113099
e5ef0b26-a6b5-11e0-b446-00251188dd67,The White Stripes,United States of America,Alternative/Indie,120847567,2799635
82047b8d-738e-4225-8ad9-76fe6f2a486c,Depeche Mode,England,Pop,153485325,2551897
ef2afd16-a6b5-11e0-b446-00251188dd67,Demi Lovato,United States of America,Pop,49238474,1151398
e736b397-a6b5-11e0-b446-00251188dd67,Paramore,United States of America,Alternative/Indie,172874863,2332383
3d2470dc-5806-d847-b45a-243d4dbb60c9,Childish Gambino,United States of America,Rap/Hip Hop,38160082,700717
af1b26a6-f90c-d8b4-23cd-8a06c2d491e6,R.E.M.,United States of America,Rock,86696036,2747126
765bffbd-6af9-455b-9988-e960f822dd4d,Charlie Puth,United States,Rap/Hip Hop,5365331,352783
8f7f0ad0-8dcc-e722-4224-189de64c3433,Tove Lo,Sweden,Alternative/Indie,20392073,636400
f1c9b28f-a6b5-11e0-b446-00251188dd67,Bruno Mars,United States of America,Pop,47810462,1661283
358e283a-9104-4fa5-923d-9f9cad892dff,Elvis Presley,United States of America,Rock,63839891,2237275
2d3c5003-d214-49a1-8ca7-71d7b4499991,Beck,N\A,N\A,96211764,2789340
f0377eba-a6b5-11e0-b446-00251188dd67,Florence + the Machine,England,Alternative/Indie,155444700,2257978
2c3f512c-c6ff-e70a-66f1-79aa46d07971,Kings of Leon,United States of America,Alternative/Indie,162611462,3293893
c590f5e6-2e27-3253-76a0-0866590364cc,Elton John,England,Pop,44775762,2340427
17e14bb3-02bf-5e02-3af6-2a04cab059e6,Weezer,United States of America,Alternative/Indie,97704416,2892582
ea05a4c3-a6b5-11e0-b446-00251188dd67,The Clash,England,Alternative/Indie,77192376,2193719
e7823a89-ff2d-88de-dcf4-cdde96713d53,Guns N' Roses,United States of America,Rock,109556126,3085960
620fa4d7-3420-f564-b70d-c6cd00b732b8,Blur,England,Rock,83324770,2733433
ceb42019-ecc9-b811-6012-77047c6506a1,Twenty One Pilots,United States of America,Alternative/Indie,30378566,587661
f872be88-9ef2-f97c-0814-29625ae464f7,blink-182,United States of America,Rock,166088710,2831557
c8f890e2-d819-7c24-cd05-ce9b40581a7a,MGMT,United States of America,Alternative/Indie,88316223,2627379
0f42be04-ca86-53e9-5915-5fa8abe85683,Madonna,United States of America,Pop,141386624,2943680
f1b95409-4f2e-ba3d-50dd-a3ae030ec563,Foster the People,United States of America,Alternative/Indie,51520109,1597108
d1b9dea0-0338-c18e-fae7-7a7b91006eb3,Grizzly Bear,United States of America,Alternative/Indie,50630640,1292666
ee5a63fc-a6b5-11e0-b446-00251188dd67,Bon Iver,United States of America,Alternative/Indie,110285815,1863851
4ec8fbc7-fa14-ebb0-168d-5244d6751d72,Black Sabbath,England,Rock,92881323,2317661
a49320cc-c917-4b1b-bcef-ae21ce4dfe86,The Beach Boys,United States of America,Pop,63331275,2287728
58863243-2a32-00ed-1e31-1e5d9a0cee87,The Smashing Pumpkins,United States of America,Rock,117836318,2680576
e2ffceb5-a6b5-11e0-b446-00251188dd67,Pearl Jam,United States of America,Alternative/Indie,135646027,2585281
604bf50d-af45-0c7c-2992-17fab1a2a351,The Black Keys,United States of America,Alternative/Indie,122395032,2042835
ed450e3c-a6b5-11e0-b446-00251188dd67,OneRepublic,United States of America,Rock,58088224,2132143
e74f3204-a6b5-11e0-b446-00251188dd67,Wham!,England,Pop,7699077,1087686
e462f24f-a6b5-11e0-b446-00251188dd67,The Doors,United States of America,Rock,126215828,3048395
245baeb0-fbf3-d183-2d0c-c5c04af20568,Shakira,Colombia,Pop,63157348,2195405
e58afa27-a6b5-11e0-b446-00251188dd67,Phoenix,France,Alternative/Indie,74318383,1925434
9314eca9-7604-58f7-e006-2a33be828114,Pixies,United States of America,Alternative/Indie,95124473,2191918
e211bf6b-a6b5-11e0-b446-00251188dd67,Stevie Wonder,United States of America,Soul/R&B,36739015,2003156
602cdd81-c7fd-4ebd-add7-fa693d4ec698,Johnny Cash,United States of America,Country,98225191,2657365
e58ff0aa-a6b5-11e0-b446-00251188dd67,Kelly Clarkson,United States of America,Pop,59917871,2283362
e43f4e15-a6b5-11e0-b446-00251188dd67,Justin Timberlake,United States of America,Pop,67163163,2642695
1ca748e3-2946-bff9-7a89-3a41a81f6bf3,Fleet Foxes,United States of America,Alternative/Indie,62907674,1526857
55e34c90-aebd-4859-b86e-64e59758c53c,Joy Division,N\A,N\A,93952966,1852839
9515f3a8-c726-753d-2533-e22a2c0267c4,Luis Fonsi,United States of America / Latin Continuum,Latin,4138961,371161
4dcd55cb-a535-03a9-a32c-39798b65002d,The Offspring,United States of America,Alternative/Indie,117416924,2770479
e6ada278-a6b5-11e0-b446-00251188dd67,Bruce Springsteen,United States of America,Rock,73367777,2044453
03d74c61-dbb9-a933-bfbc-9e82118b70c4,Massive Attack,England,Electronica/Dance,110744149,2471473
e5cae821-a6b5-11e0-b446-00251188dd67,Franz Ferdinand,Scotland,Alternative/Indie,106960355,3068411
0f218079-f31c-4fff-821e-5d65fd607030,New Order,England,Alternative/Indie,48494119,1693275
e351c39d-a6b5-11e0-b446-00251188dd67,The Police,England,Rock,41008363,2124557
08c16f93-97bd-d522-9f91-f0056d2e6988,Martin Garrix,Netherlands,Electronica/Dance,7861894,579075
3b66a7e0-3e79-58e7-2c14-6048e2d2e5ff,G-Eazy,United States of America,Rap/Hip Hop,7178573,385351
5db86cf8-f2a3-44b3-b417-0c5b78450bd1,Shawn Mendes,Canada,Pop,10236593,427225
f0561721-a6b5-11e0-b446-00251188dd67,Future,United States of America,Rap/Hip Hop,14949603,552294
27c53725-9755-985d-8f50-eb0662aeadd7,"Tyler, the Creator",United States of America,Rap/Hip Hop,29798241,607989
cefb63c8-bf0a-1457-be63-a56fe1f29b15,St. Vincent,United States of America,Alternative/Indie,30354670,875680
ea1d280b-a6b5-11e0-b446-00251188dd67,Rage Against the Machine,United States of America,Alternative/Indie,85317037,2719013
e706cd02-a6b5-11e0-b446-00251188dd67,Creedence Clearwater Revival,United States of America,Rock,54691169,2226300
bc869bbf-2f96-7fae-e41f-4a51e70850df,Ke$ha,United States of America,Pop,80472005,2340877
8397091b-e2a2-9081-c9a9-1a4fd92b5832,Logic,United States,N\A,7103552,267225
333caa00-4211-ce3d-e60c-d07dd0d954c8,Jimi Hendrix,United States of America,Rock,66862808,2588047
e61c46cd-a6b5-11e0-b446-00251188dd67,M83,France,Electronica/Dance,78813042,1791066
e5bda2a8-a6b5-11e0-b446-00251188dd67,Aerosmith,United States of America,Rock,68023404,2763788
709467d9-6b74-9d29-3759-08bbf138ef06,Simon & Garfunkel,United States of America,Pop,58630069,2245835
e4dc3a7a-a6b5-11e0-b446-00251188dd67,LCD Soundsystem,United States of America,Pop,44449102,1526608
5169c78c-9b0c-4410-bcab-3dae61c25f82,Bastille,Germany,N\A,35651941,947370
4cf380ac-ae15-dc75-fbeb-bcc41ed95af1,Two Door Cinema Club,Northern Ireland,Alternative/Indie,61198694,1588844
251bb94c-7085-4824-92b3-38f8f4c08438,Khalid,N\A,N\A,2451747,172573
e2ddf70a-a6b5-11e0-b446-00251188dd67,Talking Heads,United States of America,Rock,42926813,1489187
e2fa2c14-a6b5-11e0-b446-00251188dd67,OutKast,United States of America,Rap/Hip Hop,44274100,2350581
e6c607f9-a6b5-11e0-b446-00251188dd67,Toto,United States of America,Pop,3077523,292792
11a00be9-39ff-5fed-d1c6-fccee7191206,Foals,England,Alternative/Indie,62070842,1348812
e2d2fa01-a6b5-11e0-b446-00251188dd67,Marilyn Manson,United States of America,Rock,115092315,2138927
2ded70b1-6e7c-c247-826e-af95baca18b5,Bon Jovi,United States of America,Rock,59939780,2216661
edfd3d6f-a6b5-11e0-b446-00251188dd67,Cage the Elephant,United States of America,Rock,24575458,1092544
4a4f6ef8-5665-3999-623b-eb795b846fe9,The Kooks,England,Alternative/Indie,106273678,2524459
3d1a9935-c94f-06b6-ecec-7357b22ad8e4,Mac DeMarco,Canada,Alternative/Indie,28652198,436397
c7bff023-b6d6-4c88-8350-1111da9382aa,Hall & Oates,N\A,Pop,13376978,1132336
6675c578-5524-5577-d93b-e6528c3c343b,Ellie Goulding,England,Pop,76913482,1783274
e351c528-a6b5-11e0-b446-00251188dd67,Dire Straits,England,Rock,51626837,2019858
cd138c73-04c7-50e9-d148-8174c96c0b91,John Lennon,England,Rock,34612797,2041780
e211c27d-a6b5-11e0-b446-00251188dd67,The Who,England,Rock,68752129,2638946
7fd4290a-c1d8-169b-c416-41d86bbb490a,Amy Winehouse,England,Soul/R&B,88628822,2377702
82529446-1e3d-9056-a42d-4159d5428fd7,Iron Maiden,England,Rock,157087072,2010979
645a4d85-b78a-89fe-5482-610276838f02,Rita Ora,England,Pop,7649350,542666
84e8abc3-f5d4-7dff-0349-e831dec13dae,Panic! at the Disco,United States of America,Alternative/Indie,95414208,1991669
aaf24e21-5143-4959-a7a2-57a6e62ff685,Vance Joy,Australia,Alternative/Indie,9918021,646463
354ff8ba-bb9d-4081-b42a-56146a507e9b,Marvin Gaye,United States of America,Soul/R&B,28834472,1789813
a12537d3-8665-43b5-ba6d-9d30a88e28a1,Nine Inch Nails,United States of America,Alternative/Indie,169848611,2084280
9865ef5b-d3cc-40df-9318-6f7a63f8157c,Hozier,Ireland,Alternative/Indie,17601801,746262
1ed6d255-8eae-5c36-fab5-f59fe2c670fd,J Balvin,Colombia,Latin,3000909,222472
5a58dd64-2b31-33b9-38e6-923c1fb3719a,Bonobo,England,Electronica/Dance,76627840,1412935
c0c4e55c-dbfe-28fc-0b3c-ff1f1d267564,Slipknot,United States of America,Pop,117059059,2245867
a91db543-3041-6a63-8017-5a1ee5847572,DJ Snake,France,Rap/Hip Hop,5503287,476747
61ff9716-0ab3-e2d8-c9c1-9f984655f9bc,Evanescence,United States of America,Rock,98176358,2262076
ef11e284-a6b5-11e0-b446-00251188dd67,The War on Drugs,United States of America,Alternative/Indie,15424364,496345
e5ce5496-87f9-e81d-dca0-253be76d2ec7,Mumford & Sons,England,Alternative/Indie,91505814,1696236
5139f3f2-f2ef-953e-278b-b572440f53f6,Kasabian,England,Alternative/Indie,78579878,2342554
39bb5c9d-de11-c99e-9967-89ebd0fd8003,My Chemical Romance,United States of America,Alternative/Indie,9208437,275701
b7d2db9c-e2d5-e4a1-fe57-96c7bf2962ab,Eagles,United States of America,Pop,31268704,1924337
24373269-b8b6-937f-86c6-67f1a1ac2d0e,Carly Rae Jepsen,Canada,Pop,24796691,955814
f9475806-b210-80e4-3687-cc1369ad1285,The Neighbourhood,United States of America,Alternative/Indie,21598965,655836
e4e76cc0-5995-4cf1-8f08-75a56706e0f9,Migos,United States of America,Rap/Hip Hop,5255304,237451
e23eaddd-a6b5-11e0-b446-00251188dd67,Tears for Fears,England,Pop,19542508,1346481
0d78afc5-c62f-2f77-1a59-1b3755c75309,Moby,United States of America,Electronica/Dance,88907300,2555494
4b750015-8af0-9c9a-34ff-c4a4afa4ecc2,Grimes,Canada,Electronica/Dance,46989151,780246
82a309cf-1e2f-c7fa-91e5-076eacbeaded,Charli XCX,England,Pop,18804122,627256
efc589ba-a6b5-11e0-b446-00251188dd67,DJ Khaled,United States of America,Rap/Hip Hop,10236476,1028969
c9a6abd9-13c2-4086-bd5c-77f18476c4a8,Fifth Harmony,United States of America,Pop,16542219,451989
4afb2785-95f4-2c9a-8855-7f609a5678b7,The Shins,United States of America,Alternative/Indie,83942826,2245030
eb980fd2-a6b5-11e0-b446-00251188dd67,Beach House,United States of America,Alternative/Indie,59985912,1100434
e2822306-a6b5-11e0-b446-00251188dd67,Interpol,United States of America,Alternative/Indie,110296821,2155579
7056083b-74d7-0ea9-0b26-e5c224587b90,Korn,United States of America,Rock,122979609,2455573
17e80338-7f60-0b42-d4b6-e06cf45f9070,Neil Young,Canada,Rock,58861999,1656644
f0faa9d7-a6b5-11e0-b446-00251188dd67,Miguel,United States of America,Soul/R&B,10857807,669099
e24d034a-a6b5-11e0-b446-00251188dd67,Papa Roach,United States of America,Rock,73674616,2358038
e22e4bfb-a6b5-11e0-b446-00251188dd67,Christina Aguilera,United States of America,Pop,118040304,2640742
8d10b97b-7e44-92e8-4828-0bd9885114c4,The Lumineers,United States of America,Alternative/Indie,23511663,1005762
9de9c390-3838-d89e-0a2e-85a4c1791438,Aphex Twin,England,Electronica/Dance,65189571,1419548
13e67c52-294a-a96f-024e-cfc54d1a4b06,Bebe Rexha,United States,Pop,3402792,233411
29bbf3a6-8a23-433f-8dce-546fa1a06da8,SZA,United States of America,Soul/R&B,6098272,207273
af2f6bf3-6808-f119-b37a-d164a11fc0ad,Avril Lavigne,Canada,Pop,105738055,2469685
24364a52-83c5-f31a-97b6-195b139642b9,Placebo,England,Rock,179990340,2550995
d74a7d82-a201-4429-9e54-880154c4d535,a-ha,Norway,Pop,24781600,1454192
e27222a9-a6b5-11e0-b446-00251188dd67,Morrissey,England,Alternative/Indie,50981552,1153735
bb0efb5f-dab5-16b6-a996-0d8192d6b84b,Flume,Australia,Electronica/Dance,18151957,613453
169f779e-e7fe-9006-2426-13b7dbcdda6c,Paul McCartney,England,Pop,27166014,1520931
f1ae5da2-a6b5-11e0-b446-00251188dd67,French Montana,United States of America,Rap/Hip Hop,4932509,510216
e6fd9b88-43de-7303-577f-9e3d90448517,Vampire Weekend,United States of America,Alternative/Indie,90670669,2062919
fd9e3273-d060-4ed1-9a47-27a6415d3af2,30 Seconds to Mars,N\A,N\A,109166982,2241781
bfdd9f66-107f-120d-56de-a1daa547af28,Disturbed,United States of America,Rock,101553103,2270670
e528d78a-a6b5-11e0-b446-00251188dd67,John Mayer,United States of America,Rock,102673567,2315588
f10b8904-feb6-3e06-1327-76c91adad989,Of Monsters and Men,Iceland,Alternative/Indie,36566924,1148600
e8023cf6-8e6e-1b6a-954e-9260a32e6fd3,Little Mix,England,Pop,17148611,425701
29ce0c86-cfbb-6d94-4a40-650a137d23b5,Travi$ Scott,United States,Rap/Hip Hop,12536925,235542
5eb91350-09e0-fae0-34ee-98e67b446ab9,The Velvet Underground,United States of America,Rock,56575895,1873412
dcb7dade-5903-4ad2-8917-2d90bd873e1a,Royal Blood,England,Electronica/Dance,9721780,366249
b15595a0-95c6-2d41-48de-8fb6638b01bf,Soundgarden,United States of America,Rock,41915644,1781953
e576cee4-a6b5-11e0-b446-00251188dd67,Limp Bizkit,United States of America,Rock,69589326,2205425
f221f628-a6b5-11e0-b446-00251188dd67,Disclosure,England,Electronica/Dance,28777970,879747
e398f5d4-a6b5-11e0-b446-00251188dd67,Whitney Houston,United States of America,Pop,19933638,1472665
39937598-4440-d3f2-06e1-a60ce24b5e36,Modest Mouse,United States of America,Alternative/Indie,118963549,2294790
9bc0c206-f257-63e5-5ef8-bf69b4e6778f,Slowdive,England,Alternative/Indie,23879986,530606
e6b1441e-a6b5-11e0-b446-00251188dd67,Chris Brown,United States of America,Soul/R&B,44111589,2499475
7a5fb7e9-4ecc-4486-958e-9a1d00a4105d,Billy Joel,United States of America,Pop,30549614,1646563
e6f1b8c1-a6b5-11e0-b446-00251188dd67,The Kinks,England,Rock,47331077,1989629
080d8ae6-a0b8-a0ef-77cd-39555d2074cc,Eric Clapton,England,Rock,47911928,2302372
ab17b0aa-2494-d507-df04-73b0a039046a,A$AP Rocky,United States of America,Rap/Hip Hop,34116939,791504
e46e6122-a6b5-11e0-b446-00251188dd67,Hans Zimmer,Germany,Soundtracks,66338654,1322028
e330954e-a6b5-11e0-b446-00251188dd67,Scorpions,Germany,Rock,47670798,1554334
e0230fb1-594f-06f8-9f9b-e64855fcd490,Zedd,Germany,Electronica/Dance,16940720,848521
44e4246e-3639-4d2f-b16b-b4bf3098365a,Zara Larsson,N\A,N\A,7373470,384680
1bf1c5aa-2413-7a91-344f-4756a30267b7,Walk the Moon,United States of America,Alternative/Indie,11154256,654162
2584a55b-01cd-5c09-bd7b-fc93eada3b57,Nicki Minaj,United States of America,Rap/Hip Hop,55639207,1870737
80955070-df81-4166-bfee-1fefd9f0fbe0,Banks,United States of America,Alternative/Indie,18184111,535325
b028bd07-c592-1f6b-101d-465b8ea53823,NF,N\A,Rap/Hip Hop,1020970,82708
6619bc91-1301-2353-8e0b-420f8ec7fa2f,Electric Light Orchestra,England,Rock,26170190,1358883
e50050aa-a6b5-11e0-b446-00251188dd67,Rise Against,United States of America,Rock,135755333,1940227
b3ddfb9c-bf37-3b6e-889b-9efc6d59cc9e,Rammstein,Germany,Rock,155722883,1726157
e5c6dc3b-a6b5-11e0-b446-00251188dd67,The Cranberries,Ireland,Alternative/Indie,52997023,2121808
815bed6b-d7bb-eccc-f8fe-aaae44086f43,Prince,United States of America,Pop,36051872,1573902
e2f68371-a6b5-11e0-b446-00251188dd67,Gwen Stefani,United States of America,Pop,29069103,2032026
e5792cc4-a6b5-11e0-b446-00251188dd67,John Legend,United States of America,Soul/R&B,28973011,1621630
8f58d4fc-1fcd-4e4a-90f5-2cacdc0ec982,Black Eyed Peas,N\A,N\A,67348301,3183568
f99dedd2-110c-63a7-84ab-c8b19e582728,Angus & Julia Stone,Australia,Folk,29402532,960403
666ec234-ff0c-4041-882d-94854ec6a07e,Deep Purple,England,Rock,48986946,2020333
c14c0e48-31db-3137-1caa-b2bc2b9df2a1,Alice in Chains,United States of America,Rock,74328492,1841091
e58b03a3-a6b5-11e0-b446-00251188dd67,Portishead,England,Alternative/Indie,79408527,2008651
e58af5cd-a6b5-11e0-b446-00251188dd67,Blondie,United States of America,Rock,27030434,1586438
e6066461-0f1d-8412-9a50-bf7d5053aa75,Nat King Cole,United States of America,Jazz,16885441,1390035
584ee63e-e382-4886-bdf8-09ba762db308,Robin Schulz,N\A,Electronica/Dance,5877804,426818
cb206b85-a1f7-323b-1bcf-c70c53f4153d,Father John Misty,United States of America,Alternative/Indie,12158936,398212
7a056e29-3634-b757-0029-3d19e2cf090f,Kylie Minogue,Australia,Pop,61094186,1831336
c17ac2d5-f9df-2dff-992a-76232987798b,The 1975,England,Alternative/Indie,23157062,617229
125dfc3f-e6e8-a1ba-fbce-e08b61bcefdd,Odesza,United States,Electronica/Dance,10425798,403371
05879a22-295d-4e80-8075-ed519d60cf51,Snoop Dogg,United States of America,Rap/Hip Hop,36487084,2359925
e5cfccfe-e563-3dee-a236-6bd116844af9,Death Cab for Cutie,United States of America,Alternative/Indie,160393997,2721734
86e5236d-62e7-cb00-da72-68d4482eca38,Macklemore,United States of America,Rap/Hip Hop,4900575,353138
ae8256b8-7b47-66bb-968d-cfeb17bfa170,Skrillex,United States of America,Electronica/Dance,44995639,1422539
e5794465-a6b5-11e0-b446-00251188dd67,Audioslave,United States of America,Rock,51528070,2123419
0ff631cc-5320-4e80-ba18-eadc36aee597,Bing Crosby,United States of America,Pop,9019950,931038
4c27e92e-90ea-b7ef-5b74-2586bb43177f,James Arthur,England,Pop,5589335,376713
3aec318a-7241-43e4-17c1-38a0eceafbbb,Pitbull,United States of America,Pop,31794843,1873079
a33ed7e1-5ff1-0e02-23f0-c92b29b04749,Dean Martin,United States of America,Pop,14309904,1165341
8ce3bfe5-f608-8329-52ca-9bde0efc601d,Yeah Yeah Yeahs,United States of America,Alternative/Indie,83977734,2390566
62fa0c62-d3be-78ca-1ea8-60ff0b3efd9d,Lynyrd Skynyrd,United States of America,Rock,29081016,1810147
53d15e72-2b41-4082-bd47-776de15bcd58,Nick Cave & The Bad Seeds,N\A,N\A,55981420,1211867
e7039d1b-a6b5-11e0-b446-00251188dd67,George Michael,England,Pop,19114422,1378692
f214105c-a6b5-11e0-b446-00251188dd67,Big Sean,United States of America,Rap/Hip Hop,16063233,1330907
be6cdf9e-1d84-bd3d-3d92-fedd9e295627,Dr. Dre,United States of America,Rap/Hip Hop,36000265,2206053
f06be2bc-a6b5-11e0-b446-00251188dd67,Daughter,England,Alternative/Indie,23090221,681525
ef6d907c-a6b5-11e0-b446-00251188dd67,The Jackson 5,United States of America,Soul/R&B,13591334,1396544
62c624f8-edd5-621b-0c7f-42a56bbeb342,Phil Collins,England,Pop,27859485,1700790
e5ef0924-a6b5-11e0-b446-00251188dd67,Deftones,United States of America,Rock,92809512,1657541
e267d047-1eb4-a5aa-1310-b9c61bbb985b,Incubus,United States of America,Alternative/Indie,106724574,2497681
f3019fb7-a6b5-11e0-b446-00251188dd67,Angel Olsen,United States of America,Alternative/Indie,7665552,247143
e3abc7dd-a6b5-11e0-b446-00251188dd67,Nina Simone,United States of America,Jazz,37082500,1693897
e638db9d-a6b5-11e0-b446-00251188dd67,The Prodigy,England,Electronica/Dance,92577217,2132970
e2ed40fb-a6b5-11e0-b446-00251188dd67,A Perfect Circle,United States of America,Rock,69584290,1514353
a1023356-3d0e-07c3-1f6c-f53e9d4ff2c5,Aretha Franklin,United States of America,Soul/R&B,22808314,1635396
a02c1d60-15a1-7346-fbcc-11ace55cf539,M.I.A.,England,Electronica/Dance,54774227,1716799
1cb45d61-540f-4d77-bff5-a69f37f2fbe4,Anitta,Brazil,Pop,8066307,107671
962adf47-2450-8948-ca8a-cbbd24106301,Vince Staples,United States,Rap/Hip Hop,8020714,201177
d57c694f-e64a-7ddf-4599-e04f209d30c2,Van Morrison,Northern Ireland,Rock,28836597,1556664
e2722310-a6b5-11e0-b446-00251188dd67,Beastie Boys,United States of America,Rap/Hip Hop,69828470,2151607
e2a39d89-a6b5-11e0-b446-00251188dd67,Nickelback,Canada,Rock,80357821,2721832
dd5641e9-ee5d-2a4a-5459-2200f461cac3,Bob Marley & The Wailers,Jamaica,Reggae/Ska,57230281,1807802
81cece38-1a10-47b2-ae6d-f531ef09df8d,Duran Duran,England,Pop,25547121,1494889
e4484087-a6b5-11e0-b446-00251188dd67,Jay-Z,United States of America,Rap/Hip Hop,81606012,3053437
b8c7d136-d30d-8666-d152-b94eddcb97aa,Eurythmics,England,Pop,13882266,1349843
52475d57-6c97-0d13-2bbb-51e40a6eb286,Noel Gallagher's High Flying Birds,England,Alternative/Indie,10579442,325115
267dde47-6801-68d5-3210-434d7a1c3f8a,Marina & the Diamonds,England,Pop,67652271,1153237
274cc1dc-5fe8-7a5f-0a14-4a5053349507,ABBA,Sweden,Pop,37882621,1514618
ac10486e-64e7-4c99-9f7e-dee6675cbcfe,"Earth, Wind & Fire",United States of America,Soul/R&B,13332263,1063481
e2ffcd91-a6b5-11e0-b446-00251188dd67,Alicia Keys,United States of America,Soul/R&B,47761804,2202817
27abd702-abea-c3c4-6d6a-bfe8fbe33413,Birdy,England,Alternative/Indie,23924759,919499
ef0b4127-d94c-981f-167b-908475031878,Iron & Wine,United States of America,Alternative/Indie,69230597,1985068
e2d2f689-a6b5-11e0-b446-00251188dd67,Jimmy Eat World,United States of America,Alternative/Indie,65985252,1986916
e2758916-a6b5-11e0-b446-00251188dd67,The Verve,England,Alternative/Indie,31252179,1945572
d64bcb0d-7c57-3099-07b7-bd47692ff2ab,Cyndi Lauper,United States of America,Pop,15213548,1373253
17ef1ddb-4bb1-479b-1dcf-1efb8aa6cc4f,Avenged Sevenfold,United States of America,Rock,92214479,1619079
d3148f15-76ac-457b-90b0-262109db5685,Belle and Sebastian,Scotland,Alternative/Indie,88059088,1612213
cc9248b4-c121-bcc6-efb1-b7c283c19616,The Notorious B.I.G.,United States of America,Rap/Hip Hop,37065889,1941616
7ced65cb-959c-1edd-4e85-1f0adb390eff,Journey,United States of America,Rock,25301246,1575139
e24d0414-a6b5-11e0-b446-00251188dd67,Sum 41,Canada,Alternative/Indie,82997596,2140733
9fdadf2a-0e82-59b2-9df1-3438856f54d8,London Grammar,England,Alternative/Indie,16519758,510608
917224ed-9a87-d3ba-14cc-c413113a21a0,Glass Animals,United Kingdom,Alternative/Indie,9845183,418797
ca657e77-8be6-4d78-840a-c5210a0b3209,Ella Fitzgerald,United States of America,Jazz,25411674,1522674
e4e2a4ea-eaea-9db0-19e1-50ce693e4e48,A$AP Ferg,United States of America,Rap/Hip Hop,5287965,231621
b4a52334-13bb-6d34-cae2-81771dc27a04,The Script,Ireland,Pop,34389452,1570856
ea1c1a73-a6b5-11e0-b446-00251188dd67,Train,United States of America,Pop,25559216,1723551
e7039b90-a6b5-11e0-b446-00251188dd67,Jennifer Lopez,United States of America,Pop,31815679,1983524
5abd10ff-d787-d355-cc59-bd7872b00bd8,Air,France,Electronica/Dance,84864847,2068586
ebaa3f78-a6b5-11e0-b446-00251188dd67,Gucci Mane,United States of America,Rap/Hip Hop,14877184,1144591
e351bf58-a6b5-11e0-b446-00251188dd67,Sonic Youth,United States of America,Alternative/Indie,62853562,1536229
f0603542-a6b5-11e0-b446-00251188dd67,Jessie J,England,Pop,27174647,1323707
661353f4-85b3-2ce3-8c2f-23eefee360d7,Chance the Rapper,United States of America,Rap/Hip Hop,12320274,278929
e3ec247d-3ebb-4636-bf40-a184276fd55d,Alvvays,N\A,N\A,4789434,195820
d369f641-9c9f-80ea-1bb3-ca2fb8b6a6e0,Jack Johnson,United States of America,Rock,110759066,2446071
eba4e5e9-a6b5-11e0-b446-00251188dd67,Flo Rida,United States of America,Rap/Hip Hop,3592814,351445
e4a49f71-a6b5-11e0-b446-00251188dd67,Van Halen,United States of America,Rock,34825411,1680501
d1bd9f09-b58e-7d1a-f11a-0ac1e5d3b534,HAIM,United States of America,Alternative/Indie,20192591,615604
e5e8a466-a6b5-11e0-b446-00251188dd67,Leonard Cohen,Canada,Pop,43390878,1333168
3d8ace70-6493-f175-b6a8-1a2a4fc1a37b,Wiz Khalifa,United States of America,Rap/Hip Hop,41569642,2065064
c1b0db47-8728-5388-6252-1b839f588d8e,J. Cole,United States of America,Rap/Hip Hop,27559134,1426726
ab03f3c2-dc65-d333-406b-0e4dddda1407,Destiny's Child,United States of America,Soul/R&B,19806416,1684382
eb76ef41-a6b5-11e0-b446-00251188dd67,Spoon,United States of America,Alternative/Indie,44470668,1460559
538a85ec-eeaf-d5e0-cbbd-15d71d254508,Cold War Kids,United States of America,Alternative/Indie,26031510,1271403
dc6d7156-2b8b-4d5b-9bb9-08775e01d4a8,Bryan Adams,Canada,Pop,25518110,1663633
e33546b4-6aec-297e-68ad-658da8c22ebe,The Wombats,England,Alternative/Indie,26979980,1076786
e5ae3100-a6b5-11e0-b446-00251188dd67,Iggy Pop,United States of America,Rock,23941699,1427757
b1e51077-4d6c-9701-c830-61fe5b140a0b,Bring Me the Horizon,England,Rock,73679300,974203
f052b931-09be-a771-3d48-6d44485385d4,Empire of the Sun,Australia,Electronica/Dance,28134493,1233374
9c3b202d-d8c4-acb7-163a-35b7a72b2acf,N*E*R*D,United States of America,Pop,18417709,1255540
7732b898-da50-052c-7f2d-c16d87e2d825,Passenger,England,Folk,17867055,837488
e3a881e0-a6b5-11e0-b446-00251188dd67,A Tribe Called Quest,United States of America,Rap/Hip Hop,36176022,1228477
e74be571-a6b5-11e0-b446-00251188dd67,Lily Allen,England,Pop,63951887,2059081
e46e232e-a6b5-11e0-b446-00251188dd67,Jason Mraz,United States of America,Pop,58978251,2145296
fdecb89e-6221-4cd5-87bb-ce63f6cf9b93,Andy Williams,United States of America,Pop,5143065,659892
e4da2bf8-a6b5-11e0-b446-00251188dd67,Bloc Party,England,Alternative/Indie,103090105,2423559
e2ffcf1c-a6b5-11e0-b446-00251188dd67,Lou Reed,United States of America,Rock,26079593,1440635
05b315f6-bf7d-bec5-5407-359d4195a9ef,Galantis,Sweden,Electronica/Dance,6607823,426233
87d96693-1877-9dab-1a65-434a7b6887c6,King Krule,England,Alternative/Indie,8292294,264678
39e4dfaa-6cf4-4760-9bbe-7d68031b8cd0,Ramones,United States of America,Rock,67890684,1733628
5df07ea9-88cb-6b0a-e6e6-f063a9e6719b,Alesso,Sweden,Electronica/Dance,4972864,483092
eb63fd6f-a6b5-11e0-b446-00251188dd67,Fergie,United States of America,Electronica/Dance,19887210,1718280
28614844-cbf7-fb1a-fd5e-fb36223df5a3,Bee Gees,Australia,Pop,19769697,1309727
e5730f13-a6b5-11e0-b446-00251188dd67,Three Days Grace,Canada,Rock,78051655,2155405
ef9b6c46-a6b5-11e0-b446-00251188dd67,Fever Ray,Sweden,Electronica/Dance,23109024,796498
1e7531f8-4759-7f5d-2ec7-959c0e701a8f,James Bay,N\A,Alternative/Indie,7585716,444722
6be01789-6bdc-fc1e-018a-f12b70a20484,Kaleo,N\A,Christian/Gospel,2589884,254907
0c4bf312-4cc7-3826-ae5b-583a9d0cb294,Young Thug,United States of America,Rap/Hip Hop,9243364,219384
e47f5556-a6b5-11e0-b446-00251188dd67,Otis Redding,United States of America,Soul/R&B,21995466,1324228
e4e39a2b-a6b5-11e0-b446-00251188dd67,Johann Sebastian Bach,Germany,Classical/Opera,44352604,1426150
6b7aafb8-8a9f-889d-c0e5-25e6a1de30dd,Four Tet,England,Electronica/Dance,25521133,849945
5ae0840e-e3d0-a02d-1311-2feaeca88468,Ben Howard,England,Folk,4904484,279900
8bc17ee4-fa1c-a084-c3e5-6efebc4b7f98,2Pac,United States of America,Rap/Hip Hop,52236921,2069759
e24d0ca3-a6b5-11e0-b446-00251188dd67,Miles Davis,United States of America,Jazz,45810838,1435433
e23b1fb6-a6b5-11e0-b446-00251188dd67,Snow Patrol,Scotland,Alternative/Indie,85187892,2860505
e20bed5d-a6b5-11e0-b446-00251188dd67,Chuck Berry,United States of America,Rock,15528531,1323175
81355126-67a7-4126-bd75-d8154a96757b,Run the Jewels,United States,Rap/Hip Hop,16135640,281547
e47f7168-a6b5-11e0-b446-00251188dd67,Stone Temple Pilots,United States of America,Rock,29064155,1461820
e23b09bf-a6b5-11e0-b446-00251188dd67,Feist,Canada,Alternative/Indie,65938676,1896782
e215116d-a6b5-11e0-b446-00251188dd67,The Chemical Brothers,England,Electronica/Dance,56191053,2165523
38e5dbd1-7187-4427-bb18-3b61269acf7f,Louis Armstrong,United States of America,Jazz,23677712,1618150
b675f77a-60d6-4e25-a3b0-af9f72eb49ee,Yo La Tengo,United States of America,Alternative/Indie,35254373,1014745
0e749ab5-88bc-64af-1d74-6370eefda906,Steve Aoki,United States of America,Electronica/Dance,7096612,520440
7adb0105-149a-4e7d-a153-43650bb80f8b,Ozzy Osbourne,England,Rock,43740923,1695392
d32a6399-f331-4958-b39c-772dc6812ca2,50 Cent,United States of America,Rap/Hip Hop,36993646,2517654
ef8c1ec9-a6b5-11e0-b446-00251188dd67,Kid Cudi,United States of America,Rap/Hip Hop,66577086,2362457
e21ee202-a6b5-11e0-b446-00251188dd67,No Doubt,United States of America,Pop,38541751,1903410
d38de515-76ab-6950-bb50-80736991509b,CHVRCHES,Scotland,Alternative/Indie,29606071,651011
e5c6dc9e-a6b5-11e0-b446-00251188dd67,Elliott Smith,United States of America,Alternative/Indie,96127794,1588002
31fef68f-ebaf-b1a9-6e67-e1ceeb5e8dec,Brenda Lee,United States of America,Pop,3196135,578981
f27d9ee9-a6b5-11e0-b446-00251188dd67,Macklemore & Ryan Lewis,United States of America,Rap/Hip Hop,28454645,1017680
d906ee92-0433-0a11-c753-be995bdeab8f,Norah Jones,United States of America,Pop,63507416,1973176
f10b7b52-a6b5-11e0-b446-00251188dd67,Real Estate,United States of America,Alternative/Indie,18158303,565107
0292444d-8584-c1be-9e7f-85d4b1ea3497,Diplo,United States of America,Electronica/Dance,6230773,544032
83352e83-a986-135c-b202-a2b8bab13c14,Meghan Trainor,United States,Pop,9512192,529498
e61c5ec8-a6b5-11e0-b446-00251188dd67,Boards of Canada,Scotland,Electronica/Dance,88565870,1251754
ac5b4267-00ec-874f-aabb-f579525272aa,Crystal Castles,Canada,Electronica/Dance,96870753,1456847
ee701943-cb16-ecd5-e005-e57ad4957753,Paul Simon,United States of America,Pop,24823037,1233838
e86cc0cb-4ea9-4ad7-b2c9-75e164ad3328,Ty Dolla $ign,United States,N\A,3090185,228084
f148823d-a6b5-11e0-b446-00251188dd67,Future Islands,United States of America,Alternative/Indie,14408132,449259
e690d162-a6b5-11e0-b446-00251188dd67,In Flames,Sweden,Rock,135058126,1135105
5085a2b0-c5f8-ccad-d6c1-ffb7f1654471,Lykke Li,Sweden,Alternative/Indie,50252942,1478677
e2059382-a6b5-11e0-b446-00251188dd67,Keane,England,Alternative/Indie,63919163,2325974
f6360a59-2e1d-ddd0-28d9-3a412505f0ac,Local Natives,United States of America,Alternative/Indie,22077731,824767
ec8bf05f-862c-4e9f-a80f-c3bf50fc20b2,Mogwai,Scotland,Alternative/Indie,63779968,1243599
e46a8e2e-a6b5-11e0-b446-00251188dd67,Wilco,United States of America,Alternative/Indie,56993224,1256740
977f8644-f58a-281e-1dfa-e58b4ad08eea,George Harrison,England,Rock,18109627,1188321
c84849fa-a39c-df77-b413-fa3fdf545a8c,Mark Ronson,England,Pop,15268387,1051978
ea1a069b-a6b5-11e0-b446-00251188dd67,Stone Sour,United States of America,Rock,43924500,1458749
e2e83f66-a6b5-11e0-b446-00251188dd67,Megadeth,United States of America,Rock,91501260,1347704
78a31a52-3119-494b-8631-63a021ba1e8d,Milky Chance,Germany,Alternative/Indie,8675202,504675
b2672628-80b3-8edc-1c69-4fffa7cb8dbd,Wolf Alice,England,Alternative/Indie,4751703,237152
54fd63d9-11ac-e507-78b7-b24f049770e9,Jamie xx,United Kingdom,Electronica/Dance,6349738,296812
a3191e11-3e43-3a80-2680-dbbe3cd32c57,3 Doors Down,United States of America,Rock,56564298,2425433
a831290e-c829-3037-16b8-9c1cc9ea1179,One Direction,England,Pop,58945072,950088
f1257005-a6b5-11e0-b446-00251188dd67,James Blake,England,Electronica/Dance,38622750,894811
f233f937-a6b5-11e0-b446-00251188dd67,Awolnation,United States of America,Rock,16298699,897787
ae24a6a5-02d3-4c57-a8c3-2a6734143c5f,Jefferson Airplane,United States of America,Rock,26051765,1468489
7540c002-eefa-90db-7fb6-c8bcd76ed307,Perfume Genius,United States of America,Alternative/Indie,10099784,367918
f18f3e40-a6b5-11e0-b446-00251188dd67,Washed Out,United States of America,Alternative/Indie,22743708,715430
00daf1e6-59c2-5114-8e91-de805244f420,Kiss,United States of America,Rock,42159655,1523316
4a49ebce-5835-4a99-bc1e-9d3e8a0308d7,Robbie Williams,England,Pop,40324055,1775295
b6712493-42e5-43e3-93c2-de3b32259ecc,Rae Sremmurd,United States,Rap/Hip Hop,4768892,305234
367def79-3810-4046-a822-2141e4ca50ab,Cigarettes After Sex,United States,N\A,3090534,136411
e7c59cb7-a6b5-11e0-b446-00251188dd67,Justice,France,Electronica/Dance,54570915,1606461
e3abcaf7-a6b5-11e0-b446-00251188dd67,Backstreet Boys,United States of America,Pop,27780565,1285216
ebe276ad-a6b5-11e0-b446-00251188dd67,Five Finger Death Punch,United States of America,Rock,35934207,936231
e7547a1d-a6b5-11e0-b446-00251188dd67,Brand New,United States of America,Rock,83276265,1181532
3de1336d-3c0f-d5a5-8365-b0673695cac0,Nick Jonas,Jersey,Electronica/Dance,6051533,393854
774e307b-5bd6-ef35-adf5-0b1b4755c163,Phantogram,United States of America,Alternative/Indie,16815062,636407
63a23fd0-47ea-b2c9-8e2b-f85c0dbd8517,Tycho,United States of America,Electronica/Dance,23958676,723109
a6a50f7d-8dc3-5119-6617-06474170bb91,Lord Huron,United States of America,Alternative/Indie,5406605,344737
ea0de2f9-a6b5-11e0-b446-00251188dd67,Judas Priest,England,Rock,56933886,1280153
3d6d49d3-1c72-b0c6-955d-63cde8aff85c,deadmau5,Canada,Electronica/Dance,48307656,1454675
081e6bf5-47a9-5dd6-5c3d-73e7d9c85442,BTS,N\A,N\A,10555151,79481
e7b035a4-a6b5-11e0-b446-00251188dd67,Mastodon,United States of America,Rock,46068995,774400
f2614d40-a6b5-11e0-b446-00251188dd67,Grouplove,United States of America,Alternative/Indie,12929950,768306
37467450-35ef-4642-8cc5-490c19db50a5,Max Richter,N\A,N\A,21669948,678127
e243ae86-a6b5-11e0-b446-00251188dd67,Tom Waits,United States of America,Rock,83145012,1385430
b59a61ed-5be7-5694-bbc4-160523e4abe8,Usher,United States of America,Soul/R&B,37262742,2522701
e45d3d2b-a6b5-11e0-b446-00251188dd67,The Flaming Lips,United States of America,Alternative/Indie,50227441,1643001
ee24a8b2-a6b5-11e0-b446-00251188dd67,Metronomy,England,Electronica/Dance,29652768,784370
ea35ccb6-8802-8965-d98e-93758071511a,Ludovico Einaudi,Italy,Classical/Opera,34085613,847571
9f1e7e2c-7c3b-49bc-96df-362068daa70a,The Animals,N\A,N\A,11941650,1232198
f2daa06e-a6b5-11e0-b446-00251188dd67,ScHoolboy Q,United States of America,Rap/Hip Hop,15237820,484324
2229d060-a05e-0009-eb8a-ca45ece3e8d7,Sting,England,Pop,34977995,1699581
271cbf15-7b4e-950e-41fa-0f53373a01b9,First Aid Kit,Sweden,Alternative/Indie,15909429,612572
a4eb6487-f712-1e6a-ad9e-875fdb4a52c3,Unknown Mortal Orchestra,United States of America,Alternative/Indie,9449947,399275
e46a8dc7-a6b5-11e0-b446-00251188dd67,Pantera,United States of America,Rock,59793198,1495278
50d07500-4b8d-8da1-c602-538767dbb3ed,Jaden Smith,N\A,N\A,785688,45692
6fe949f2-44cd-07d7-8aa2-36a48c139202,Kaiser Chiefs,England,Rock,47862918,2191934
40ddd687-c3bf-18c8-01ba-e39f2199f2c2,John Williams,United States of America,Soundtracks,34719801,1120975
e63e5bc5-96e5-8714-d58a-b2a9a0f3372d,Pavement,United States of America,Alternative/Indie,40981055,954922
5a14b39f-cc3c-4217-8cb9-b0a36f113c1e,Jax Jones,N\A,N\A,1139150,148859
e5dd68b7-a6b5-11e0-b446-00251188dd67,Nas,United States of America,Rap/Hip Hop,44596688,1836136
996fb59c-080f-4db4-9f0a-8d6f5ba5c22a,Courtney Barnett,Australia,Rock,6639327,293499
16dda860-4061-597b-6864-3d8921b2a4a2,Faith No More,United States of America,Rock,41593230,1181784
e984cbd3-53a9-4b47-9ca9-d7127515ed71,Jamiroquai,England,Pop,49453579,1556314
e310a19c-a6b5-11e0-b446-00251188dd67,DMX,United States of America,Rap/Hip Hop,15474430,1364812
9fee5fab-4bb6-4c45-88b1-962e1303d592,ZZ Top,United States of America,Rock,25273671,1338253
3cf14737-f048-6233-dec6-68596066deb5,X Ambassadors,United States of America,Alternative/Indie,3730818,329745
e55b1223-a6b5-11e0-b446-00251188dd67,Cream,England,Rock,22674271,1748437
55884c96-83d5-f6a9-255c-6e37ec0528af,Ariel Pink,United States of America,Alternative/Indie,4105326,177449
e7b55e6a-a6b5-11e0-b446-00251188dd67,Charlotte Gainsbourg,France,Pop,10227984,488803
4c158d13-a835-5565-026f-ceccab1d4fe5,Iggy Azalea,Australia,Rap/Hip Hop,20804060,639576
4ed9407d-47c4-fef6-f3c9-4e449d6c1de8,Brian Eno,England,Electronica/Dance,31289987,1037913
e2059d78-a6b5-11e0-b446-00251188dd67,PJ Harvey,England,Alternative/Indie,56024834,1394939
2701c095-46bc-45c3-9ae8-b3e89843a3ac,Bill Withers,United States of America,Pop,12051109,1132136
e617c1f1-a6b5-11e0-b446-00251188dd67,Animal Collective,United States of America,Alternative/Indie,74583103,1234830
e6a237fa-a6b5-11e0-b446-00251188dd67,Hot Chip,England,Electronica/Dance,43222451,1398346
017a9a85-39ef-7196-cdb6-13a76de63250,Machine Gun Kelly,N\A,N\A,3896054,221202
3dc363fb-fbd7-3f68-0f93-efc39f4be89c,Tony Bennett,United States of America,Pop,7318954,857250
7c4a2c77-f625-4f13-c982-d85bedee4199,Tom Odell,England,Folk,9822090,518747
ea0f48f5-5945-eb03-6e62-a1e37038ec7c,James Brown,United States of America,Soul/R&B,21350549,1510131
20fc599c-89ea-443d-982f-8c8cd56e024c,Santana,United States of America,Latin,24641265,1483334
164e7bbc-b45c-2ac8-806e-16e3796ce505,Genesis,England,Rock,33689976,1232466
086fdeec-5c18-4cb6-86f1-7d82d9558905,George Ezra,England,Alternative/Indie,7605004,468325
87b38107-d200-9dc3-a340-785a6cbefc52,Jessie Ware,England,Pop,12762219,508952
94bf2a6c-4b05-a77f-17c8-8ab834b81869,Simple Minds,Scotland,Rock,11668525,1018344
410d99d2-3305-496b-6517-dfde85fd17cf,Pentatonix,United States of America,Pop,6777931,287199
f0932f1e-5135-e3e8-285a-162bba563cc3,Sampha,England,Electronica/Dance,2940919,192376
4e6942cd-1d3f-a6c8-e966-09be581a7db4,Nelly Furtado,Canada,Pop,40827843,2152164
6e0ef80d-ee53-b5de-3a46-fc51b91d5dc3,Deerhunter,United States of America,Alternative/Indie,35896953,757817
ef9f08fc-a6b5-11e0-b446-00251188dd67,Passion Pit,United States of America,Alternative/Indie,46383361,1596616
42df3e66-1ca1-abdf-59b5-7ae6124c3f49,Broken Social Scene,Canada,Alternative/Indie,51165389,1379355
2a687ee6-29e7-76be-35cf-b7d4a1a14034,DJ Shadow,United States of America,Electronica/Dance,33340090,1224656
e2822628-a6b5-11e0-b446-00251188dd67,Damien Rice,Ireland,Alternative/Indie,51480962,1687822
8e85c56e-71c4-fe13-c04f-5d6381537466,Ludwig van Beethoven,Germany,Classical/Opera,31475799,1739636
d464572c-3f89-c98d-5a69-586838031788,Joey Bada$$,United States of America,Rap/Hip Hop,9119872,278015
e32c6b6d-a6b5-11e0-b446-00251188dd67,Rush,Canada,Rock,46650257,1046446
6d49ff09-ba7a-c8d3-f8bc-03ffc1373cf8,Kodaline,Ireland,Alternative/Indie,9417159,481395
e4fd85ff-a6b5-11e0-b446-00251188dd67,Caribou,Canada,Electronica/Dance,27854986,874274
c6b57a47-d368-44b4-6b07-c8db3d07cfaf,Stereophonics,Wales,Alternative/Indie,34604608,1547382
e6971ab5-a6b5-11e0-b446-00251188dd67,TV on the Radio,United States of America,Alternative/Indie,39593634,1335330
19c45968-ae1f-036f-8f87-a8524a30149b,Nightwish,Finland,Rock,122967572,1312666
e98370b8-74ec-b06a-f237-df2e8395dc9b,Goo Goo Dolls,United States of America,Rock,36639492,1977402
e25285c8-a6b5-11e0-b446-00251188dd67,Pet Shop Boys,England,Pop,30838617,1142070
86c0a76c-a93c-4342-a15f-18accbc7c17f,King Gizzard & The Lizard Wizard,N\A,N\A,4724411,124350
d2900599-6b09-ad4d-93be-da57a8953f8d,Mount Kimbie,England,Electronica/Dance,11216944,439729
f2e4fd78-a6b5-11e0-b446-00251188dd67,Mac Miller,United States of America,Rap/Hip Hop,24917207,898571
65e7c1ba-6d52-6f5a-14f1-9296057218b0,Wolfgang Amadeus Mozart,Austria,Classical/Opera,38471970,1492168
e6dce07e-a6b5-11e0-b446-00251188dd67,Slayer,United States of America,Rock,76463560,1307669
7d478ba0-50e3-4b34-a2dd-330616e45d13,KAYTRANADA,N\A,N\A,3293634,174910
f0ce29c3-a6b5-11e0-b446-00251188dd67,Warpaint,United States of America,Alternative/Indie,20629665,592294
dd66b45a-6ce7-c559-6cac-22149cd4609c,Years & Years,United Kingdom,Electronica/Dance,12150642,432018
c2d1bf6c-f04e-71fb-c684-a71728a484e7,Sigrid,N\A,Pop,569829,79108
e7d0a532-a6b5-11e0-b446-00251188dd67,The Fray,United States of America,Rock,51577152,2119937
95372468-d674-5c4d-a953-f8cd57a3b861,Toro y Moi,United States of America,Alternative/Indie,23904729,589881
793c9e64-220c-fe0c-6bdf-410fc97c58a2,Foreigner,United States of America,Rock,1862016,188870
b6c880ff-50b4-074e-c49f-a62d6c51dd66,Band of Horses,United States of America,Alternative/Indie,52968602,1648614
eb985123-a6b5-11e0-b446-00251188dd67,Little Dragon,Sweden,Electronica/Dance,18382816,761555
7141440f-be5b-b605-394d-6ddea44a2db6,Echo & the Bunnymen,England,Alternative/Indie,16135278,931796
68a63a8c-dd9e-b48b-0ccc-eb1c61c639f7,Danny Brown,United States of America,Rap/Hip Hop,16048110,361617
6c6f16d4-5704-d9e1-faaf-322016e8c427,Beach Fossils,United States of America,Alternative/Indie,11723245,368162
e6c30219-a6b5-11e0-b446-00251188dd67,Bullet for My Valentine,Wales,Rock,76522156,1721698
bf85112c-360c-7aad-5b34-ef4aa9afbd87,Tom Petty and The Heartbreakers,United States of America,Rock,19452649,1078058
00ca40ab-7104-c20a-98d7-c692125ac510,BADBADNOTGOOD,Canada,Rap/Hip Hop,6684969,234645
e4a5694c-a6b5-11e0-b446-00251188dd67,My Bloody Valentine,Ireland,Pop,39974069,848482
8fc0946d-b506-fb1a-daf0-1c8ce5a523e0,Tom Petty,United States of America,Rock,12848132,992137
e2a396b8-a6b5-11e0-b446-00251188dd67,Kate Bush,England,Rock,35566452,1086798
68b12439-0dd3-451c-96d9-ed26ff004d22,Lost Frequencies,N\A,Electronica/Dance,3850660,329917
e26608a7-a6b5-11e0-b446-00251188dd67,Black Rebel Motorcycle Club,United States of America,Alternative/Indie,33704723,1181302
8f8f3303-686c-4f2f-afc7-f1b5be7c78fb,Glee Cast,United States,Pop,92434673,963093
e6971115-a6b5-11e0-b446-00251188dd67,Regina Spektor,United States of America,Alternative/Indie,83830660,1766753
e7d09bbe-a6b5-11e0-b446-00251188dd67,Breaking Benjamin,United States of America,Rock,71205917,1902324
699f78e7-ca49-d32b-0ddb-fa491abf5df7,Burial,N\A,N\A,34621336,799266
f134879b-a6b5-11e0-b446-00251188dd67,Broken Bells,United States of America,Alternative/Indie,20893286,922537
e2fa2cdd-a6b5-11e0-b446-00251188dd67,Rod Stewart,England,Rock,16041158,1259987
e79ad40e-a6b5-11e0-b446-00251188dd67,Jeff Buckley,United States of America,Rock,34971597,1516518
895b6541-49b4-aaca-19d4-b55a1e7a3bc2,INXS,Australia,Rock,16498348,1081278
61929cae-25a0-2614-3c53-3d1f7a733781,Ramin Djawadi,Germany,Soundtracks,17244747,377627
4483ab82-8dd4-4b40-bb72-8961c16998eb,Yung Lean,Sweden,Rap/Hip Hop,9022166,128856
e750acc2-a6b5-11e0-b446-00251188dd67,Spice Girls,England,Pop,15731738,1136896
ee72e7a4-a6b5-11e0-b446-00251188dd67,The Last Shadow Puppets,England,Alternative/Indie,25940593,852424
e351c212-a6b5-11e0-b446-00251188dd67,Supertramp,England,Rock,2347993,170243
e45beb41-a6b5-11e0-b446-00251188dd67,Chris Rea,England,Rock,8030094,654397
f2695501-a6b5-11e0-b446-00251188dd67,The Head and the Heart,United States of America,Alternative/Indie,10644214,608639
e2d45d7a-c86b-c00d-abf2-3312c6cf7f97,Bright Eyes,United States of America,Alternative/Indie,84047194,1763913
1db7ab38-c420-31ad-299f-d9b7e0866a41,Alanis Morissette,Canada,Pop,44218023,1764661
e4e29013-a6b5-11e0-b446-00251188dd67,Martin Solveig,France,Electronica/Dance,7440320,764732
e406a4f1-a6b5-11e0-b446-00251188dd67,Yes,England,Rock,20825333,1025831
b1072a07-32bf-54a2-59fc-5a8dad6a8f4d,The Temptations,United States of America,Soul/R&B,11146971,1172067
eba1019b-a6b5-11e0-b446-00251188dd67,A Day to Remember,United States of America,Rock,82810876,1150818
c22b2481-c3a7-4937-a465-1128b37435a2,Bleachers,United States of America,Alternative/Indie,3687061,255504
e351be20-a6b5-11e0-b446-00251188dd67,Enrique Iglesias,Spain,Latin,27047102,1461202
85f34b2c-c14f-e6b4-e011-f48a6efe4c88,Kansas,United States of America,Rock,12537291,1078285
e5bda495-a6b5-11e0-b446-00251188dd67,The Cardigans,Sweden,Alternative/Indie,32693652,1587754
f0eacfcf-e6a0-0280-aa9a-b3cabedff0a9,fun.,United States of America,Alternative/Indie,27548485,1155855
35a89456-7c60-e801-d397-bbabb6af5e0d,Rhye,United States of America,Alternative/Indie,7270004,370537
e8609e78-1f23-418b-b51a-0d3e6b4160a4,Elbow,England,Alternative/Indie,25674464,978300
fe688c2d-4173-6829-d3aa-40e01a62b651,[unknown],N\A,world,131818999,2681409
a545f26c-4024-a810-c149-d6c5fccbb39b,Seether,South Africa,Rock,40517276,1539338
bba27ac6-574a-47a0-b676-b2a8ccd6b72c,Perry Como,United States of America,Pop,3899233,603418
3732daf1-3f60-d26e-58dc-d63cd4b213d4,Jon Hopkins,England,Electronica/Dance,11867798,529515
f1502d88-a6b5-11e0-b446-00251188dd67,Emancipator,N\A,Electronica/Dance,18014061,495394
f064cd8d-a6b5-11e0-b446-00251188dd67,Edward Sharpe & The Magnetic Zeros,United States of America,alternative/indie,23304172,1082645
ac58a0db-baac-652c-93f9-26b4678c33ce,Cat Power,United States of America,Alternative/Indie,61416324,1559186
9af6313a-fb91-b845-a4d1-2b75d7b68e49,Death Grips,United States of America,Rap/Hip Hop,28393625,312044
f2a0febd-9572-4e55-65b4-3afd80973eb1,Chromatics,United States of America,Alternative/Indie,11333388,517080
c8e8b703-d10c-4b50-22b3-f3d359076661,Miike Snow,Sweden,Alternative/Indie,25463761,1092206
e211c362-a6b5-11e0-b446-00251188dd67,Pulp,England,Alternative/Indie,27458143,1081749
f19ec016-1455-7982-952c-597206873ff5,The Fratellis,Scotland,Rock,30678755,1458171
e69bf656-a6b5-11e0-b446-00251188dd67,Yann Tiersen,France,Alternative/Indie,71840794,1294120
16a72c67-3507-9f41-8dbe-2b3be23a39bb,Steely Dan,United States of America,Rock,16069153,679932
4c828ad5-cf3a-5ee2-dd5c-bb79af8b9a49,Chet Faker,Australia,Electronica/Dance,11946826,482305
e2969235-a6b5-11e0-b446-00251188dd67,Fatboy Slim,England,Electronica/Dance,31595642,1840999
dc78ddd1-f2f4-1b29-f7db-7627018688e7,Ray Charles,United States of America,Soul/R&B,24732134,1591525
8ec3334c-aebb-26aa-dcf9-a8cf0c3132c1,Alabama Shakes,United States of America,Alternative/Indie,13004231,570055
e7fd780d-a6b5-11e0-b446-00251188dd67,Leona Lewis,England,Pop,25774959,1572558
572688e4-a7e2-8237-5be1-f6c1ed670152,Thundercat,United States of America,Soul/R&B,5839430,224478
5a7bb69e-8074-ba28-a98a-510ea8a92402,Bombay Bicycle Club,England,Alternative/Indie,34082637,1073925
1d0c01ba-75af-4aaf-8449-233194389948,The Jesus and Mary Chain,N\A,N\A,24149175,774510
4da7f3dc-3773-2d15-bc94-eedfb6eed775,2 Chainz,United States of America,Rap/Hip Hop,7362805,549301
982116ba-54d6-a3e5-cf54-d258464f68a8,Boston,United States of America,Rock,13551358,1202563
0d1b0775-2972-5639-256f-58c993a5bbb0,Bibio,England,Alternative/Indie,13201401,495768
e47f50fc-a6b5-11e0-b446-00251188dd67,Alice Cooper,United States of America,Rock,29240903,1302420
f1d58db4-a6b5-11e0-b446-00251188dd67,R3hab,Netherlands,Electronica/Dance,1751784,213676
e45be96f-a6b5-11e0-b446-00251188dd67,The Pogues,Ireland,Alternative/Indie,14373011,726448
f2f91070-a6b5-11e0-b446-00251188dd67,Rudimental,England,Electronica/Dance,10014028,579708
e21eca79-a6b5-11e0-b446-00251188dd67,Lenny Kravitz,United States of America,Rock,27439741,1706351
ec8d0698-a6b5-11e0-b446-00251188dd67,Moderat,Germany,Electronica/Dance,18060903,418278
f37875d0-0dd9-40d1-9ae6-92e946dbe606,Troye Sivan,N\A,Pop,10057385,288356
f9303cae-7290-42b1-b1ed-83bcf6ee04ca,TLC,United States of America,Soul/R&B,9829527,1077233
e340e3b6-a6b5-11e0-b446-00251188dd67,Smash Mouth,United States of America,Alternative/Indie,11332047,1110726
e4e0aeb6-a6b5-11e0-b446-00251188dd67,Garbage,United States of America,Alternative/Indie,44058117,1517903
e13daf80-ebd3-a89f-4179-db2087eaabf2,All Time Low,United States of America,Alternative/Indie,56050891,1153611
3f42eae1-d156-3181-3019-9c110bac3a52,Counting Crows,United States of America,Rock,33849561,1871857
03ea3674-73c1-4613-abba-7f896f6481fe,Felix Jaehn,Germany,Electronica/Dance,2790603,300142
156d5bef-112a-4649-adef-d795523219cc,Billy Idol,England,Rock,15427458,1167374
a66d1353-afb3-4b5d-874c-692e9a9e0b34,Offset,N\A,N\A,207821,29444
e2532106-e2f7-7ce5-81b3-585621d38468,Melanie Martinez,United States,Alternative/Indie,8926835,210799
94e6fa70-34d1-0796-7f7e-ce3b0833fbee,The Kills,England,Alternative/Indie,37079611,1085308
e58df4d5-a6b5-11e0-b446-00251188dd67,Sam Cooke,United States of America,Soul/R&B,13848814,915078
e6971a52-a6b5-11e0-b446-00251188dd67,Cocteau Twins,Scotland,Alternative/Indie,26095353,600570
01118569-5d18-dfd7-a86b-3b5e834ba055,Purity Ring,Canada,Electronica/Dance,19596412,548397
e6598578-a6b5-11e0-b446-00251188dd67,The Stone Roses,England,Alternative/Indie,25292240,1114639
f3d7c14e-d49c-43d3-8e1a-ab3ee6f16390,Whitney,N\A,N\A,2071309,123316
8825f3a2-2e71-a290-e6e1-e587d0bc1745,Mike Posner,United States of America,Pop,10887159,999613
e7fd8dfb-a6b5-11e0-b446-00251188dd67,The Ronettes,United States of America,Pop,4441289,630502
e4907407-a6b5-11e0-b446-00251188dd67,Sean Paul,Jamaica,Reggae/Ska,15706111,1269197
c587b6b2-88b3-828e-10a9-7709e5b095cd,DIIV,United States of America,Alternative/Indie,10359796,321062
ef74c377-a6b5-11e0-b446-00251188dd67,Kavinsky,France,Electronica/Dance,12784831,763310
f6b3cea7-3afb-3730-fa74-ddbd9b9c5227,Neutral Milk Hotel,N\A,N\A,48792050,1202121
23d04e47-3833-b712-3f02-dc70a580f797,*NSYNC,United States of America,Pop,11529240,861640
e496b199-a6b5-11e0-b446-00251188dd67,Skillet,United States of America,Rock,37867747,1157614
ea229774-a6b5-11e0-b446-00251188dd67,Trivium,United States of America,Rock,43621269,952034
a4e6f413-4ac9-dac0-c61e-92c7325bc715,Flying Lotus,United States of America,Electronica/Dance,41544825,703548
e28223cf-a6b5-11e0-b446-00251188dd67,Goldfrapp,England,Pop,44411375,1628707
88440d14-6a4e-4de4-9e7c-a4583355808d,A$AP Mob,N\A,N\A,3091709,123064
19d6db0c-d4b2-4ab5-92ce-aaa7943ad276,Armin van Buuren,Netherlands,Electronica/Dance,31467341,1030959
7322617d-9987-e418-6872-d7c745820c24,Ryan Adams,United States of America,Rock,39799581,1144019
a98af016-6f44-a007-4bc9-b149e3d15983,Beirut,United States of America,Alternative/Indie,74914674,1301863
e6bb3f29-a6b5-11e0-b446-00251188dd67,Heart,United States of America,Rock,10682096,952145
e9f3bb4a-a6b5-11e0-b446-00251188dd67,Good Charlotte,United States of America,Alternative/Indie,44722589,1713950
032799d6-2ab7-7495-5877-1ffffb61cce4,Pharrell Williams,United States of America,N\A,14882586,1154980
f1e86d57-a6b5-11e0-b446-00251188dd67,Die Antwoord,South Africa,Electronica/Dance,22649917,496266
3ef0fc32-e8f7-de1e-c573-f442b23b3e20,Sharon Van Etten,United States of America,Alternative/Indie,8947243,409245
c09ddb47-74dc-c590-482b-ee7eff7b96f8,Band Aid,N\A,rap/hip hop,1439253,408971
a9b6dd4c-e780-4b8e-bdad-246d5cae8625,The Vamps,England,Pop,3237233,229225
0332b98c-1d53-4137-a371-631d77b9e84a,John Coltrane,N\A,N\A,20467080,964724
e4e7ff9c-a6b5-11e0-b446-00251188dd67,James Blunt,England,Pop,40576273,1958039
ea40331e-a6b5-11e0-b446-00251188dd67,Solange,United States of America,Soul/R&B,9889221,592751
e55b0a06-a6b5-11e0-b446-00251188dd67,The Knife,Sweden,Electronica/Dance,54992840,1279122
2e6215ef-dd25-66cf-4ac0-893baf8048d8,Icona Pop,Sweden,Electronica/Dance,11376176,720464
3cc808e2-16df-1580-7901-7ac384baa454,The Pretenders,United States of America,Soul/R&B,8149458,867763
e28227c2-a6b5-11e0-b446-00251188dd67,Jet,Australia,Rock,22872839,1669213
7f109dc2-2fe5-aea1-d23b-a3463489541b,Men at Work,Australia,Pop,6766948,767343
4748d13c-4aac-cc41-69ab-8b10938c2fab,Opeth,Sweden,Rock,73975192,767440
bb79410a-624a-4fbf-9788-75cf1affd2ff,Roy Orbison,United States of America,Rock,11246883,972982
ee7413ba-a6b5-11e0-b446-00251188dd67,Nick Drake,England,Folk,41369731,1350984
e7085e5c-a6b5-11e0-b446-00251188dd67,The Raconteurs,United States of America,Alternative/Indie,28595949,1184123
e6b96eab-a6b5-11e0-b446-00251188dd67,Sublime,United States of America,Alternative/Indie,50758418,1662207
9cead856-cdf2-270a-fbf6-167109ea5837,Dido,England,Pop,35012883,1836459
a6c77278-402b-728a-4417-bc9d726424fc,Gnarls Barkley,N\A,N\A,26789625,1515689
5509a393-1e5e-3da1-b257-188e87ae22df,Owl City,United States of America,Electronica/Dance,44225182,1318082
55139694-040c-4ed1-9b58-be2b9bd915be,GoldLink,United States,Rap/Hip Hop,1703203,124072
e52c8fa8-a6b5-11e0-b446-00251188dd67,The Pussycat Dolls,United States of America,Pop,26479862,1948822
675b581e-5bf1-e16d-c66d-0f66331f61fb,Shinedown,United States of America,Rock,31254202,1095065
e591347c-a6b5-11e0-b446-00251188dd67,The All-American Rejects,United States of America,Alternative/Indie,45419689,1895248
ab3b1789-b0f4-7165-127e-25e3ad098944,Gotye,Australia,Alternative/Indie,28105513,1277867
e037cd81-4b70-c147-3691-f0d8fea07118,Cake,United States of America,Rock,41100093,1553877
68ece27d-93de-4ca3-b11f-7732cabb7831,JP Cooper,United Kingdom,Alternative/Indie,962094,148856
3e2e9e18-d57c-4a4e-48f8-df062dfaa3db,Blood Orange,United States of America,Alternative/Indie,9366825,360319
e2059ee0-a6b5-11e0-b446-00251188dd67,UNKLE,England,Electronica/Dance,28800127,1056647
c4ed9b69-62c3-f8fe-2e15-91ba0bac636d,Parov Stelar,Austria,Electronica/Dance,35253333,830236
6cc52717-7401-a00c-c09b-26ab1894c05d,Kelela,United States of America,Electronica/Dance,3146496,137587
f134ff0a-a6b5-11e0-b446-00251188dd67,Nils Frahm,Germany,Alternative/Indie,9317431,393509
e0160a7c-7a90-d6e0-f978-5b9eb6c789d8,Boney M.,Germany,Pop,7420534,751434
e742f04c-a6b5-11e0-b446-00251188dd67,Tegan and Sara,Canada,Alternative/Indie,78159814,1265929
f1b0761f-a6b5-11e0-b446-00251188dd67,Agnes Obel,Denmark,Alternative/Indie,12545499,466448
591fa0d2-5948-d9b3-685b-884c37dcb249,Wolfmother,Australia,Rock,29510952,1441994
3990faaa-fb71-ddbc-4aa3-9e03740d221f,Young the Giant,United States of America,Alternative/Indie,13270207,727233
8072fc3c-3265-32c7-4d7a-1bf90ccb978e,Al Green,United States of America,Soul/R&B,16248139,1223154
ec49fdc8-a6b5-11e0-b446-00251188dd67,Dirty Projectors,United States of America,Alternative/Indie,14319398,512575
be775c50-492a-4c98-ba68-c0efff934e4f,FKA twigs,England,Electronica/Dance,13226116,390840
811e87f9-125b-a405-1df1-612e4e0ae2aa,Christina Perri,United States of America,Pop,11842885,821815
ea419a69-a6b5-11e0-b446-00251188dd67,Sade,England,Pop,25195435,1177425
a7ca8b27-65c5-8def-afcd-b9b36a658b27,Electric Guest,United States of America,Alternative/Indie,4897341,369057
2389cf9c-5024-41e5-bde6-34e1aa50a357,Billie Holiday,United States of America,Jazz,26796432,1278166
ef81f589-a6b5-11e0-b446-00251188dd67,James Vincent McMorrow,Ireland,Alternative/Indie,11066621,650395
0750b55c-b520-6fa1-6012-72de7afa8b53,Joni Mitchell,Canada,Rock,19720468,944920
8de61ef5-1f31-bd3a-10f9-34d238281b01,Snakehips,N\A,Alternative/Indie,2502630,271080
f01b556a-a6b5-11e0-b446-00251188dd67,Carpenters,United States of America,Pop,10601487,765202
58d0c76e-4abc-f47b-238b-c8658668f91e,The Mamas & the Papas,United States of America,Pop,10901617,1041674
8b28afa3-47e5-4327-b901-9ee0021e6437,America,England,Rock,8828432,784546
c7d27c63-4a64-40de-880b-978316f559cd,Editors,England,Alternative/Indie,50558430,1595106
19bf27e2-83a8-d10e-50af-4d87f5b777fb,Hollywood Undead,United States of America,Rock,37940256,816227
441df52d-d47e-2506-2711-6cccd801888f,Roxette,Sweden,Pop,21287452,1081895
e2ed427a-a6b5-11e0-b446-00251188dd67,Yellowcard,United States of America,Alternative/Indie,44884102,1426859
1fd7b589-2cf9-46c3-bcc7-3bdf46650190,Moses Sumney,N\A,Alternative/Indie,637946,86978
e27221e4-a6b5-11e0-b446-00251188dd67,Mazzy Star,United States of America,Alternative/Indie,15590658,761793
c77b6054-4990-47b3-afd0-add57d173b96,Car Seat Headrest,United States,N\A,4639014,137494
e46c9429-a6b5-11e0-b446-00251188dd67,Dream Theater,United States of America,Rock,87159143,969569
e7bdb848-a6b5-11e0-b446-00251188dd67,Bobby Helms,United States of America,Country,1276355,414971
e470a57c-a6b5-11e0-b446-00251188dd67,Philip Glass,United States of America,Classical/Opera,19210960,795588
e5ba64ab-a6b5-11e0-b446-00251188dd67,Craig David,England,Soul/R&B,9486350,781594
e7a46894-a6b5-11e0-b446-00251188dd67,The Horrors,England,Alternative/Indie,19001129,658251
abacc8f2-171f-93ad-1a5e-ee0c25944bed,Peter Bjorn and John,Sweden,Alternative/Indie,22119139,1161654
eee84100-a6b5-11e0-b446-00251188dd67,Kurt Vile,United States of America,Alternative/Indie,14325290,438673
7831b5d5-67d2-b21c-b3f3-e94e4a693e4d,The Temper Trap,Australia,Alternative/Indie,25289825,1173743
ee5c917e-a6b5-11e0-b446-00251188dd67,Sara Bareilles,United States of America,Pop,25384462,1303958
f274b59c-b77b-948c-8c79-33d8fda6cb20,Pendulum,Australia,Electronica/Dance,68038996,1290706
f05e4772-a6b5-11e0-b446-00251188dd67,Starfucker,United States,Alternative/Indie,12680501,551705
e8a32ef2-a6b5-11e0-b446-00251188dd67,Bonnie Tyler,Wales,Pop,6668716,835364
e266069a-a6b5-11e0-b446-00251188dd67,The Human League,England,Pop,8438380,839118
2a98f775-877a-fe42-9d38-6cfb81bd4a43,Michael Kiwanuka,England,Soul/R&B,5086716,339336
3a51efdf-8e86-035a-5bf8-fc10ddeb1fb2,Metric,Canada,Alternative/Indie,59018662,1440770
e2f68a17-a6b5-11e0-b446-00251188dd67,Dolly Parton,United States of America,Country,9123829,840006
4bdc6d1b-be2a-44f6-e109-d1d1ec3442ba,The Libertines,Australia,N\A,41326938,1266365
e7f5b0a0-a6b5-11e0-b446-00251188dd67,Survivor,United States of America,Rock,7012404,978096
8e6578fa-c795-d8e5-4af8-06bb54f0b465,Kenny Loggins,United States of America,Pop,4764497,676229
e6eecbe4-a6b5-11e0-b446-00251188dd67,Thievery Corporation,United States of America,Electronica/Dance,43264138,1402914
f3b30abb-9b45-431d-82ce-7867554cc552,Sylvan Esso,N\A,Alternative/Indie,4295959,266744
e8137233-b50f-4a5a-8341-739ce80a4c47,Maluma,N\A,N\A,1592275,106134
81a9cc34-5b09-9b55-4dfb-5f64e773a00b,Machine Head,United States of America,Rock,31053910,838150
27744205-a767-0da8-7b44-487aff083166,Eels,United States of America,Alternative/Indie,46412118,1431338
b1ada2b4-c446-4a8d-b967-b42b821ffea1,Ghost,N\A,N\A,16285960,279745
632d8745-05a1-724f-03c1-b481f6c27c3e,The Doobie Brothers,United States of America,Rock,8128965,829864
78f892a4-b76c-4e91-75ac-c23e0ae0683a,The Tallest Man on Earth,Sweden,Alternative/Indie,31277920,892835
e8e85a84-cfa6-ce48-75dd-aedafabc8ec9,Foxygen,United States of America,Alternative/Indie,5985993,270624
e5bc4d09-a6b5-11e0-b446-00251188dd67,R. Kelly,United States of America,Soul/R&B,14432865,1384895
f0f9f9c1-a6b5-11e0-b446-00251188dd67,Stromae,Belgium,Electronica/Dance,13644073,611678
e45f2abc-a6b5-11e0-b446-00251188dd67,The Cars,United States of America,Rock,9917213,854611
edf00700-a6b5-11e0-b446-00251188dd67,Laura Marling,England,Alternative/Indie,28150451,985923
43010090-4102-a970-7c77-9d5c72c8c655,Vince Guaraldi Trio,United States of America,Jazz,6087686,474632
e490752f-a6b5-11e0-b446-00251188dd67,Billy Talent,Canada,Rock,64930279,1336729
e390b37f-a6b5-11e0-b446-00251188dd67,Etta James,United States of America,Blues,11826985,1023276
e6096029-a6b5-11e0-b446-00251188dd67,Tracy Chapman,United States of America,Pop,17404351,1064060
2d096979-d394-4146-9166-4c27fcd2f872,John Denver,United States of America,Pop,6532104,667058
02ebe24b-5ea2-42b6-5bb0-fe7b67e1ab52,Soft Cell,England,Pop,6227353,823521
e42be5ef-a6b5-11e0-b446-00251188dd67,Ennio Morricone,Italy,Soundtracks,24121928,1052005
435a7637-1dea-47b4-8bbb-722b50dad0af,Converge,United States of America,Alternative/Indie,28287266,364533
e2e1f750-e0a4-6792-0868-9a71721a0875,Cashmere Cat,Norway,Electronica/Dance,2992674,281786
e23ea6d9-a6b5-11e0-b446-00251188dd67,The Hives,Sweden,Alternative/Indie,36445153,1414774
f1a0ac9e-a6b5-11e0-b446-00251188dd67,Hurts,England,Pop,27263416,682789
b8b1b6f8-1954-69de-e87c-9725f514a0c6,Destroyer,Canada,Alternative/Indie,12875881,462449
e28df733-e7c5-4884-e8e5-388e5b038c59,Gojira,France,Rock,25136507,374210
b4f70999-7fa0-6adc-c1b0-79e866af6b83,Capital Cities,United States of America,Alternative/Indie,10009398,657444
eb63e50d-a6b5-11e0-b446-00251188dd67,Fiona Apple,United States of America,Alternative/Indie,33457221,1310100
187efb01-8e89-6a91-714a-b91396b24a90,ZHU,N\A,Electronica/Dance,4512567,369422
f26fc60a-a6b5-11e0-b446-00251188dd67,The Naked and Famous,New Zealand,Alternative/Indie,23804313,873115
3e74e521-22dd-58dc-b953-ecbdd050f2ef,The Avalanches,Australia,Electronica/Dance,16697371,605925
dd5e66e8-8ba1-6071-fc73-c44f6c1a2161,Baths,United States of America,Electronica/Dance,11258527,383425
c3bd1e2f-87a7-2676-db33-0fdc23418153,The Brian Jonestown Massacre,United States of America,Alternative/Indie,18285431,426831
e2ddebfb-a6b5-11e0-b446-00251188dd67,Simple Plan,Canada,Pop,41684974,1591888
12298528-c437-d83f-484c-cd9b0cd2990b,Explosions in the Sky,United States of America,Alternative/Indie,56443024,1143775
cc3eb64d-a353-111d-9af1-27385dad1965,Earl Sweatshirt,United States of America,Rap/Hip Hop,14213673,303533
ef5f2b42-8137-8ebe-9d31-c784f241a0a3,The Paper Kites,Australia,Folk,3258777,270171
bf7b6c48-5866-c829-3bbf-aff0240dd80d,Tennis,United States of America,Alternative/Indie,7989898,403355
e5d6cc10-a6b5-11e0-b446-00251188dd67,AFI,United States of America,Alternative/Indie,58346411,1249820
b9005d98-129e-d616-2377-a79f3a0e3403,Jethro Tull,England,Rock,26607362,1002988
aabd195c-8387-ab94-9eb0-47f4ec543d82,Kevin Morby,United States of America,Rock,1851052,129198
ea0f8341-a6b5-11e0-b446-00251188dd67,Ice Cube,United States of America,Rap/Hip Hop,18318506,1433354
f273c45d-a6b5-11e0-b446-00251188dd67,The Vaccines,England,Alternative/Indie,21706409,763670
aeb6f2ce-e236-4f7e-b8f7-0c30a2441b84,The Bangles,N\A,N\A,5887576,772088
e2cf1e12-a6b5-11e0-b446-00251188dd67,Hoobastank,United States of America,Rock,27780097,1706909
e7faefd7-a6b5-11e0-b446-00251188dd67,Silversun Pickups,United States of America,Alternative/Indie,25103532,813752
d9c17e83-6e67-4473-ad6a-9c3a5f4ae3cb,T. Rex,England,Rock,17350005,969692
eba1241b-a6b5-11e0-b446-00251188dd67,Duke Dumont,England,Electronica/Dance,4142521,410351
ef794b2d-a6b5-11e0-b446-00251188dd67,White Lies,England,Alternative/Indie,28807664,1099510
65c0ed97-2240-83a6-42d4-d4565b840303,Dio,Netherlands,N\A,22124444,872712
c77509f0-7830-f659-fe37-4549d9b4f2eb,Devo,United States of America,Alternative/Indie,12823957,707668
18cd0c0c-e604-a975-ad47-04780086ffee,NAV,N\A,Rap/Hip Hop,808669,57448
76f9ceb8-e750-c954-cff7-8601f5daab55,Enya,Ireland,New Age,47334522,1249704
e7548d6d-a6b5-11e0-b446-00251188dd67,Burl Ives,United States of America,Folk,1943549,369820
e32c6dd1-a6b5-11e0-b446-00251188dd67,Steppenwolf,United States of America,Rock,8124261,1042386
e20bfa02-a6b5-11e0-b446-00251188dd67,Nelly,United States of America,Rap/Hip Hop,16395461,1809884
2df6a317-9704-469d-91df-ae3efaf8ecb3,Honne,N\A,Electronica/Dance,2394125,200738
46d4f7d2-7ef4-48ab-ba6c-eed6a514febc,SOHN,England,Electronica/Dance,5708868,329138
37093b1d-fba8-d44b-012d-bf424288d311,Death from Above 1979,Canada,Alternative/Indie,22230914,737524
dff21445-4fd2-847b-6340-d869b7a755c4,Gary Clark Jr.,United States of America,Alternative/Indie,3539658,269980
e55b08bb-a6b5-11e0-b446-00251188dd67,Cut Copy,Australia,Electronica/Dance,31875759,1098565
031c26d7-1df5-0e36-597d-d5a69cf06a1f,John Maus,United States of America,N\A,6997159,191226
ea68edd0-a6b5-11e0-b446-00251188dd67,Sepultura,Brazil,Rock,33295007,847465
e6bb427e-a6b5-11e0-b446-00251188dd67,Steve Miller Band,United States of America,Rock,9416536,952321
e5cae3c3-a6b5-11e0-b446-00251188dd67,Manic Street Preachers,Wales,Alternative/Indie,33576824,1008601
e23eaeaf-a6b5-11e0-b446-00251188dd67,Kool & The Gang,United States of America,Soul/R&B,7846975,974701
ac27eb0a-888c-f39f-1bf6-6c69a44768c9,TOKiMONSTA,United States of America,Electronica/Dance,4868974,263341
ea47b19c-a6b5-11e0-b446-00251188dd67,Killswitch Engage,United States of America,Pop,51796443,1162725
e799cf1d-a6b5-11e0-b446-00251188dd67,Andrew Bird,United States of America,Alternative/Indie,45894969,1154875
e2a39e57-a6b5-11e0-b446-00251188dd67,Dusty Springfield,England,Pop,10741835,1022642
8f0621d1-838f-4266-b6b2-108ecd2daca5,The Used,N\A,N\A,49109423,1191775
f3af55b8-e106-9386-d668-1831c3ef0c21,B.o.B,United States of America,Rap/Hip Hop,22900618,1472277
f054e7b7-a6b5-11e0-b446-00251188dd67,Paloma Faith,England,Pop,9488223,510082
e702dbdb-a6b5-11e0-b446-00251188dd67,Fugees,United States of America,Rap/Hip Hop,12017890,1141464
7b97999f-dbe0-4a16-98a7-89db9dc1f4f0,Duke Ellington,N\A,N\A,11334642,826569
e9099250-a6b5-11e0-b446-00251188dd67,Bad Religion,United States of America,Alternative/Indie,62942672,1076003
a9ed03a6-c5e1-4350-9c1a-f5f209cc2620,Chet Baker,N\A,N\A,15851461,790722
789aaf1e-d05e-2e77-7148-2cad9b96d558,Seal,England,Pop,12543746,1019658
ddca4b41-89cb-3390-f217-e65e707d008e,Whitesnake,England,Rock,18663759,1071689
e22e505c-a6b5-11e0-b446-00251188dd67,Siouxsie and the Banshees,England,Rock,20346127,786696
dfe122fe-e1a0-4495-b652-712812de1298,Zero 7,N\A,N\A,36853770,1395052
ee044a1e-3dd5-4562-9a0b-a3af56d267c1,Supergrass,England,Rock,13714151,996187
3670e99f-7100-747d-aa7b-239020ff9b67,Biffy Clyro,Scotland,Alternative/Indie,38665533,857248
5a1c1897-99ce-4f6d-be5d-98383c0387c2,Fitz and the Tantrums,United States,N\A,6528877,453006
e371e0ec-a6b5-11e0-b446-00251188dd67,The Game,United Kingdom,Rap/Hip Hop,27668249,1935278
1d5c8e4b-527e-46db-9250-96c0196ea8a5,Gavin James,Ireland,Alternative/Indie,1069736,161049
aaff6d83-f3f3-1304-9913-45b89c7a7b6b,Tricky,England,Alternative/Indie,26438343,1049167
f274ee56-c7d6-08bc-470e-1ce06bbe69e6,Mika,England,Pop,38522814,1556255
eb6f8336-a6b5-11e0-b446-00251188dd67,Claude Debussy,France,Classical/Opera,12050534,877719
e4465e11-26bf-4377-bffb-243cd612de4b,Isaiah Rashad,United States of America,Rap/Hip Hop,4158167,118354
d121bcb8-8d69-e180-1030-3f0cc8959cc4,Becky G,United States of America,Pop,2506153,245998
af66a4df-a323-461d-14d9-a5f74bb375e5,Flight Facilities,Australia,Electronica/Dance,5776615,446282
e2bf38a8-9213-52b1-172c-2e2f53a1816f,Digitalism,Germany,Electronica/Dance,21333700,971299
e4593d7d-a6b5-11e0-b446-00251188dd67,Within Temptation,Netherlands,Rock,67589653,997829
e4e39125-a6b5-11e0-b446-00251188dd67,Alphaville,Germany,Pop,8441221,762470
fa300014-ffc9-44a6-8761-4724f0674c1e,Thin Lizzy,Ireland,Rock,16284635,901914
c0866bf4-71f0-f283-2e4c-31e20150fd39,Sleeping at Last,United States of America,Alternative/Indie,6083072,330427
c1911ef3-ca87-7c2d-3e9a-6179dea18f22,Jasmine Thompson,England,Pop,2530276,249308
f0fbc986-a6b5-11e0-b446-00251188dd67,Saint Motel,United States of America,Alternative/Indie,2412683,260794
73afa1e8-679b-267c-1cd8-3d4271ad8064,The Supremes,United States of America,Soul/R&B,7676007,806152
27a833bb-18b8-501a-fde2-ca027ba1158b,Robyn,Sweden,Electronica/Dance,31510011,1151017
ab81afad-ef7f-2115-2800-ac9ea160ff2a,Benjamin Francis Leftwich,England,Alternative/Indie,7200061,520588
f101573d-a6b5-11e0-b446-00251188dd67,The Drums,United States of America,Alternative/Indie,21013984,879851
e2e83c93-a6b5-11e0-b446-00251188dd67,Kraftwerk,Germany,Electronica/Dance,23373591,884436
b73c70dd-9e19-f330-1042-ed6819373788,Cass McCombs,United States of America,Alternative/Indie,4263257,291212
bb415701-4236-9681-fc43-cb77c78041f9,Theory of a Deadman,Canada,Rock,16907587,919970
e4dc5181-a6b5-11e0-b446-00251188dd67,Kaskade,United States of America,Electronica/Dance,11576308,673667
103b6e9a-2413-be86-5091-b8dba50534e2,Azealia Banks,United States of America,Rap/Hip Hop,19189600,493351
21e39020-7502-4ff1-a568-e28fe52df273,P.O.D.,United States of America,Rock,27418432,1312270
e7489a39-a6b5-11e0-b446-00251188dd67,Lupe Fiasco,United States of America,Rap/Hip Hop,38010439,1929985
7bfaf670-3f73-855c-bf7e-6a086582710c,The Cinematic Orchestra,England,Electronica/Dance,25643297,1080460
b90ef51a-bb10-0fe6-5b0c-b8a84ddeb6cc,Porcupine Tree,England,Rock,71614105,753232
e9e2ee18-a6b5-11e0-b446-00251188dd67,Europe,Sweden,Rock,11679657,991261
f0270c8b-a6b5-11e0-b446-00251188dd67,Red Velvet,N\A,Jazz,5268915,49315
e6990ab1-a6b5-11e0-b446-00251188dd67,Blonde Redhead,United States of America,Alternative/Indie,24969251,758045
dc64cce7-e314-4c72-b645-a9c67e278cc6,Godspeed You! Black Emperor,N\A,N\A,17795681,620863
503a99c7-619b-bdb8-de4d-5932fb11d08b,Dinosaur Jr.,United States of America,Alternative/Indie,23513060,762911
be711208-3b33-a464-0bfe-0d4e78faf2e1,Staind,United States of America,Rock,29171141,1461923
e64ba86b-a6b5-11e0-b446-00251188dd67,Devendra Banhart,United States of America,Alternative/Indie,43432629,986351
e6be13d6-a6b5-11e0-b446-00251188dd67,Roxy Music,England,Rock,12505035,771679
e5d952ee-a6b5-11e0-b446-00251188dd67,Bloodhound Gang,United States of America,Alternative/Indie,31366228,1497461
e32c6e9f-a6b5-11e0-b446-00251188dd67,The Allman Brothers Band,United States of America,Rock,13685075,1014902
3c7be1eb-52e2-4294-b422-4346ecb0c884,Ry x,Australia,Alternative/Indie,2093831,248902
81cd28ae-e929-fbec-664d-2dc446e5c598,Third Eye Blind,United States of America,Rock,23805549,1099991
01adf306-3574-198a-4601-12d2d9f1d10e,Primal Scream,Scotland,Pop,15915019,944568
d5c0840f-208b-36c3-9147-cf530673266c,Echosmith,United States of America,Alternative/Indie,4627647,401975
e697163c-a6b5-11e0-b446-00251188dd67,The Stooges,United States of America,Rock,15050118,939276
49879c51-ca45-be25-f911-748a44e7982d,MF DOOM,United States of America,Rap/Hip Hop,20884959,537233
95671f70-b80e-cd0c-6854-27319fcd066c,Cher,United States of America,Pop,13659694,1013422
e5d94b01-a6b5-11e0-b446-00251188dd67,Rob Zombie,United States of America,Rock,28418094,1213415
5ff9c181-edaa-4dd8-b3a8-3ef782239d3c,The Byrds,United States of America,Rock,13402457,1084887
e4de0f91-a6b5-11e0-b446-00251188dd67,Timbaland,United States of America,Pop,28689212,1807225
6bc3ffcb-8855-4b0d-80ba-848be0f8386a,Catfish and The Bottlemen,United Kingdom,Alternative/Indie,4246644,207842
fc2eaa2f-a532-4bfb-9fb4-d67e7d5a72e7,BROODS,New Zealand,Alternative/Indie,5696283,330698
873798b0-01a0-ad8c-0947-6825bc6d2479,Dr. Dog,N\A,N\A,11886144,494177
e78d3b11-a6b5-11e0-b446-00251188dd67,Madvillain,United States of America,Rap/Hip Hop,20558454,617112
ece70c57-a6b5-11e0-b446-00251188dd67,Amon Amarth,Sweden,Rock,48462923,550206
2138ac2c-dc14-47ba-8b98-766b82d2f677,Homeshake,Canada,Rock,2293650,86924
e6bb3ffe-a6b5-11e0-b446-00251188dd67,Talk Talk,England,Rock,8813844,578358
52cf64a6-c216-875f-584f-aed349765e3b,Patti Smith,United States of America,Rock,14520042,828995
127c3913-d859-907d-b1ab-837bf5dd4a59,Apocalyptica,Finland,Rock,52493183,1178486
c346fa00-fd04-7caf-d6fa-365a4cbadfe3,Pyotr Ilyich Tchaikovsky,Russia,Classical/Opera,12848497,920017
92a63568-5ed3-e2ee-3803-3a572e6156df,Def Leppard,England,Rock,21060379,1034999
354a30ff-7091-4126-afb2-814f2c5a08c2,Novo Amor,N\A,Alternative/Indie,1013535,138904
38041d19-100d-ec46-c1bb-2ce123c4a0a2,Bush,England,Alternative/Indie,19807130,1156491
5af91250-60ab-b0c3-2f39-b65f96df4a2c,The Pretty Reckless,United States of America,Alternative/Indie,30108464,698185
4246bc12-61b6-42de-9fe6-81969fb2b26f,Eartha Kitt,United States of America,Pop,2202206,442326
c6e7648f-09b6-21a2-bc1b-78435b298e1d,Santigold,United States of America,Alternative/Indie,2326762,205083
e942a94b-a6b5-11e0-b446-00251188dd67,Nightmares on Wax,England,Electronica/Dance,14148220,850935
e69973b8-3d9e-3063-bda7-8e0198e465d4,Chelsea Wolfe,United States of America,Alternative/Indie,10845469,209761
e7de8ba4-a6b5-11e0-b446-00251188dd67,Jack White,United States of America,Alternative/Indie,19235956,786521
2a4397e4-eb07-4573-a27d-e6f074750fe8,The Roots,United States of America,Rap/Hip Hop,36545003,1329416
68b6b9ea-cc3c-62a4-b5e1-57e62c47c37e,Jake Bugg,England,Alternative/Indie,15976680,505988
eb46290e-09c7-43ab-ba28-4b9e5ee616e5,Aquilo,United Kingdom,Pop,1595615,180477
70f33029-176b-f975-c0b3-d6d77de14243,Morcheeba,England,Electronica/Dance,35309158,1223163
f2bf3f7d-a6b5-11e0-b446-00251188dd67,Fugazi,United States of America,alternative/indie,23273062,558082
1dd2e158-0506-4256-8920-865ae56b5645,Dropkick Murphys,United States of America,Alternative/Indie,43539286,981074
b0cb18ff-bd13-d733-3e39-29f106af7425,J Dilla,United States of America,N\A,24331159,508400
e49e1fe1-a6b5-11e0-b446-00251188dd67,Chris Isaak,United States of America,Pop,9316550,722579
e91f62da-a6b5-11e0-b446-00251188dd67,Cypress Hill,United States of America,Rap/Hip Hop,31382152,1399403
52c0d924-f14e-e4c2-6951-a85a3c78f37e,SBTRKT,England,Electronica/Dance,17348760,583929
ca59478b-2b05-f08f-ee6d-b3e519196a01,Porter Robinson,United States of America / Canada,Electronica/Dance,7915136,554848
e2ffcbe3-a6b5-11e0-b446-00251188dd67,Groove Armada,England,Electronica/Dance,22993719,1339863
e6ada34d-a6b5-11e0-b446-00251188dd67,Shakin' Stevens,Wales,Pop,1898409,360098
8d785a3a-2335-0f90-ff1e-cdf83b25ab17,Bill Evans,United States of America,Jazz,10923302,565638
7fab3d11-29fa-536e-e63d-b0a563bc3f38,Lionel Richie,United States of America,Soul/R&B,8530371,944037
e5c6d9e3-a6b5-11e0-b446-00251188dd67,The Zombies,England,Rock,12688384,837224
e7f136e7-a6b5-11e0-b446-00251188dd67,Drowning Pool,United States of America,Rock,21046026,1275820
eeecc4d1-95da-dfe8-b1f5-e15520a63a93,Natalie Imbruglia,Australia,Pop,12667379,1121862
23d28e50-3d7e-7f7c-af56-5a34a8f7be79,Stereolab,England,Alternative/Indie,15083236,544878
283e8035-872b-ecd9-f288-ee4d1265d804,Commodores,United States of America,Soul/R&B,4535137,703826
0f0044da-491f-f66b-56cd-57ff14a33a53,Sabaton,Sweden,Rock,37535961,366406
f0985c32-a6b5-11e0-b446-00251188dd67,Bahamas,Canada,Folk,3065990,298501
d91e7dfd-e0ae-7812-f9ec-04de24308fb7,Tinashe,England,Soul/R&B,7679358,263360
e5bfbdb4-a6b5-11e0-b446-00251188dd67,Godsmack,United States of America,Rock,35161705,1419682
3a04a496-cbaf-05eb-1069-8823227b18b2,Idina Menzel,United States of America,Pop,4328148,346218
ff33c706-1322-5d17-78c8-0f61189ad790,Volbeat,Denmark,Rock,32857836,571467
ee7360a6-a6b5-11e0-b446-00251188dd67,She & Him,United States of America,Alternative/Indie,29761312,744750
6b9bfdad-8f75-8763-59c4-98fc6122efa5,Herbie Hancock,United States of America,Jazz,11669153,910770
79136082-b9f1-0783-2e7a-86d7de91aae4,Sir Sly,United States of America,Alternative/Indie,1761807,184708
e492785b-a6b5-11e0-b446-00251188dd67,Buffalo Springfield,United States of America,Rock,7595971,861212
6e1fe97f-6ce1-4d62-90ea-7ac70396a162,PARTYNEXTDOOR,Canada,Soul/R&B,4591195,167878
fd725984-f5ff-d3e0-f4b2-c2c9e88afc90,JoJo,United States of America,Pop,10247059,790819
ccc1d88f-d850-ea81-a2e6-31575b91a846,The Internet,United States of America,Alternative/Indie,3902012,218068
ed41402f-a6b5-11e0-b446-00251188dd67,Don Diablo,Netherlands,Electronica/Dance,1507979,199470
badbb804-f7be-574f-38c2-8f00b3179894,Neon Indian,United States of America,Alternative/Indie,16340100,628717
e272217d-a6b5-11e0-b446-00251188dd67,Crowded House,New Zealand,Rock,10613273,740706
629fcb4d-ae9e-dfde-593c-f75d7659ee9d,Frank Zappa,United States of America,Rock,33810973,722643
1b327659-e19f-40d6-a14e-fad5f765c4d3,Denzel Curry,N\A,Rap/Hip Hop,2688946,89598
e799d266-a6b5-11e0-b446-00251188dd67,Cheap Trick,United States of America,Rock,7331511,717418
5503f2da-5bfc-1dd1-4f1a-83f8ea9ad45f,Olly Murs,England,Pop,11947168,724327
e57d182b-a6b5-11e0-b446-00251188dd67,OK Go,United States of America,Alternative/Indie,23172070,1208549
01b4bef6-1dd7-5ec2-8e62-13b9f9657b5d,Misfits,United States of America,Rock,51734007,836992
5f709d83-4ea6-410c-b6c7-16dea98d92d7,Chicago,United States of America,Rock,10659912,930786
8666b4ea-8330-c7fa-d221-13fa69f8c75e,Arch Enemy,Sweden,Rock,39415377,621962
e6f30eba-a6b5-11e0-b446-00251188dd67,Janet Jackson,United States of America,Pop,20074637,1212366
ea1d07bb-a6b5-11e0-b446-00251188dd67,Janis Joplin,United States of America,Rock,22588479,1343735
e46a8b0c-a6b5-11e0-b446-00251188dd67,Missy Elliott,United States of America,Rap/Hip Hop,12319409,1148437
e5b89406-a6b5-11e0-b446-00251188dd67,Ciara,United States of America,Soul/R&B,19997861,1582996
d0e18707-83d7-8c92-dc02-53320df7667d,Underworld,England,Electronica/Dance,18098909,1008014
e690da01-a6b5-11e0-b446-00251188dd67,of Montreal,United States of America,Alternative/Indie,48242211,1057957
800c96fa-4d9e-d6c7-14e7-35564de9e03a,Erik Satie,N\A,N\A,15419959,746685
8899d3d8-114c-478d-abd1-c9cdcdde178b,Travis,Scotland,Alternative/Indie,37736830,1618784
27fad9bd-80d9-f6b9-555d-d658c063d35d,T.I.,United States of America,Rap/Hip Hop,30940929,2324906
e2150b75-a6b5-11e0-b446-00251188dd67,Erykah Badu,United States of America,Soul/R&B,22476204,992424
e4b5e4d8-a6b5-11e0-b446-00251188dd67,Grateful Dead,United States of America,Rock,27813334,831837
e7cecf46-a6b5-11e0-b446-00251188dd67,Klaxons,England,Pop,30542949,1342194
f7d7820f-e095-4690-9b08-a0c0c607912a,Sly & The Family Stone,United States of America,Soul/R&B,9293558,807036
a2af967c-236b-9146-d6b9-d6085cc5fd7f,Mobb Deep,United States of America,Rap/Hip Hop,12887596,807099
e3b5a5ad-107c-f632-ee08-b1719197c675,Paolo Nutini,Scotland,Pop,22517254,1065327
f1d5ff43-a6b5-11e0-b446-00251188dd67,Swedish House Mafia,Sweden,Electronica/Dance,16247492,1110915
0e01d618-d0e1-0312-7783-e6851170fc3f,AlunaGeorge,England,Electronica/Dance,8256974,436004
e3b36777-a6b5-11e0-b446-00251188dd67,The Band,Canada,Rock,13774359,885147
e7f13619-a6b5-11e0-b446-00251188dd67,Lamb of God,United States of America,Rock,46598156,958756
e2ed45a8-a6b5-11e0-b446-00251188dd67,Tina Turner,United States of America,Soul/R&B,9117923,918183
e310a0db-a6b5-11e0-b446-00251188dd67,Busta Rhymes,United States of America,Rap/Hip Hop,14532885,1286132
b1cb1456-4919-02f4-9fb0-8e853f77925e,The Darkness,England,Rock,11751244,820717
c7acbd59-4393-2877-1dc6-5d5cb3c05f31,Stan Getz,N\A,N\A,8085695,626078
e853c10c-a6b5-11e0-b446-00251188dd67,Antonio Vivaldi,Italy,Classical/Opera,20922281,1067587
f2fbd442-a6b5-11e0-b446-00251188dd67,Woodkid,France,Alternative/Indie,13812709,476796
960f1da8-b59c-be5c-235a-e61217372736,Lukas Graham,Denmark,N\A,3717146,282422
f31df160-acfe-4b66-3b79-b1d8e0c205c7,Nosaj Thing,United States of America,Electronica/Dance,8722518,396930
